table,variable,dtype,rows,missing,missing_pct,unique,zeros,negative,infinite,minimum,p01,median,p99,maximum,skew,iqr_outliers
acs_county_flows,destination_fips,string,5803110,0,0.0,3225,,,,,,,,,,
acs_county_flows,origin_code,string,5803110,110442,1.9031519306027287,14174,,,,,,,,,,
acs_county_flows,year,int64,5803110,0,0.0,12,0.0,0.0,0.0,2009.0,2009.0,2015.0,2020.0,2020.0,-0.03850402284939409,0.0
acs_county_flows,period_start,int64,5803110,0,0.0,12,0.0,0.0,0.0,2005.0,2005.0,2011.0,2016.0,2016.0,-0.03850402284939409,0.0
acs_county_flows,period_end,int64,5803110,0,0.0,12,0.0,0.0,0.0,2009.0,2009.0,2015.0,2020.0,2020.0,-0.03850402284939409,0.0
acs_county_flows,movers,float64,5803110,1752,0.030190708085836734,7026,2080565.0,0.0,0.0,0.0,0.0,8.0,516.0,48456.0,46.679793338750045,635128.0
acs_county_flows,movers_moe,float64,5803110,1752,0.030190708085836734,1763,2.0,0.0,0.0,0.0,3.0,28.0,290.0,3049.0,7.323436742291917,724761.0
acs_county_flows,origin_geography,str,5803110,0,0.0,2,,,,,,,,,,
acs_county_flows,domestic_pair,boolean,5803110,0,0.0,2,,,,,,,,,,
acs_county_flows,origin_id,string,5803110,0,0.0,23653,,,,,,,,,,
acs_state_county_flows,destination_fips,string,131135,0,0.0,3219,,,,,,,,,,
acs_state_county_flows,origin_code,string,131135,0,0.0,119,,,,,,,,,,
acs_state_county_flows,year,int64,131135,0,0.0,2,0.0,0.0,0.0,2021.0,2021.0,2021.0,2022.0,2022.0,0.016823146176755517,0.0
acs_state_county_flows,period_start,int64,131135,0,0.0,2,0.0,0.0,0.0,2017.0,2017.0,2017.0,2018.0,2018.0,0.016823146176755517,0.0
acs_state_county_flows,period_end,int64,131135,0,0.0,2,0.0,0.0,0.0,2021.0,2021.0,2021.0,2022.0,2022.0,0.016823146176755517,0.0
acs_state_county_flows,movers,float64,131135,0,0.0,4444,0.0,0.0,0.0,1.0,1.0,35.0,4759.0,107424.0,22.445909473422873,17793.0
acs_state_county_flows,movers_moe,float64,131135,0,0.0,1647,0.0,0.0,0.0,1.0,2.0,43.0,873.0,5624.0,6.486530822934323,12632.0
acs_state_county_flows,origin_geography,str,131135,0,0.0,2,,,,,,,,,,
acs_state_county_flows,domestic_pair,boolean,131135,0,0.0,2,,,,,,,,,,
acs_state_county_flows,origin_id,string,131135,0,0.0,112,,,,,,,,,,
analysis_county_year,county_fips,str,46026,0,0.0,3103,,,,,,,,,,
analysis_county_year,year,int64,46026,0,0.0,15,0.0,0.0,0.0,2009.0,2009.0,2016.0,2023.0,2023.0,0.007105708647274437,0.0
analysis_county_year,population,float64,46026,0,0.0,35970,0.0,0.0,0.0,241.0,1593.0,26431.5,1279257.0,10105722.0,13.48598289697389,6208.0
analysis_county_year,median_age,float64,46026,0,0.0,405,0.0,0.0,0.0,21.4,27.8,40.8,54.2,68.4,0.06852142105851494,1406.0
analysis_county_year,median_household_income,float64,46026,0,0.0,29102,0.0,0.0,0.0,17109.0,26178.0,48140.0,101802.75,178707.0,1.411328688062479,1670.0
analysis_county_year,median_home_value,float64,46026,0,0.0,4391,0.0,0.0,0.0,18700.0,51200.0,122000.0,547600.0,1494500.0,3.4895395052620732,2906.0
analysis_county_year,median_gross_rent,float64,46026,0,0.0,1627,0.0,0.0,0.0,99.0,399.0,683.0,1614.25,2893.0,1.9103056730292793,2389.0
analysis_county_year,poverty_pct,float64,46026,0,0.0,45877,2.0,0.0,0.0,0.0,4.873895402458037,14.819299027025268,35.540457525148646,59.02470600927824,1.0071197183822858,1109.0
analysis_county_year,unemployment_pct,float64,46026,0,0.0,45253,86.0,0.0,0.0,0.0,1.0078542799406045,6.246421082890588,17.267535157040474,36.107986501687286,1.1571122605714468,1105.0
analysis_county_year,vacancy_pct,float64,46026,0,0.0,45746,0.0,0.0,0.0,1.6839677047289503,4.350604363902773,15.133811977620866,53.72749477509238,87.67585818795723,1.6555223489600381,2137.0
analysis_county_year,homeownership_pct,float64,46026,0,0.0,45463,0.0,0.0,0.0,18.97146227485141,46.512953791408144,73.51294304778501,86.54601917272815,97.38527214514407,-1.1458986331277257,1380.0
analysis_county_year,bachelors_plus_pct,float64,46026,0,0.0,45786,0.0,0.0,0.0,3.2319391634980987,8.082128501147523,18.66914735316326,52.88543208510429,80.21012006861064,1.4852627712552657,2163.0
analysis_county_year,declarations,float64,46026,0,0.0,9,30085.0,0.0,0.0,0.0,0.0,0.0,3.0,8.0,2.28360670912441,762.0
analysis_county_year,precipitation_inches,float64,46026,0,0.0,9736,0.0,0.0,0.0,1.25,7.859999999999999,41.14,78.29,132.48,0.1480164445195899,207.0
analysis_county_year,temperature_f,float64,46026,0,0.0,5790,0.0,0.0,0.0,24.308333333333334,38.25,55.375,73.71875,78.56666666666666,0.024361469024096156,13.0
analysis_county_year,inflow_individuals,float64,46026,0,0.0,11816,0.0,0.0,0.0,16.0,55.0,1214.0,60507.25,229710.0,6.576786195694736,6166.0
analysis_county_year,outflow_individuals,float64,46026,0,0.0,11533,0.0,0.0,0.0,15.0,58.0,1186.0,63571.5,340909.0,8.121027360418868,6196.0
analysis_county_year,net_individuals,float64,46026,0,0.0,5950,162.0,21661.0,0.0,-145441.0,-6155.75,9.0,5728.5,121194.0,-12.826913856466485,9105.0
analysis_county_year,inflow_individuals_per_1000,float64,46026,0,0.0,45635,0.0,0.0,0.0,7.001400280056012,19.09059992855215,45.113990542342826,110.88937284145919,690.1571895769596,2.56512717195516,1685.0
analysis_county_year,outflow_individuals_per_1000,float64,46026,0,0.0,45604,0.0,0.0,0.0,9.047044632086852,21.84055183120956,44.50410152433849,103.78118873081202,344.25634149066934,2.7627226705936954,1868.0
analysis_county_year,net_individuals_per_1000,float64,46026,0,0.0,45459,162.0,21661.0,0.0,-158.9997640953055,-23.87891785179702,0.48716373111324995,34.63285986939861,677.9196117733939,5.572618925977769,2818.0
analysis_county_year,civilian_labor_force_reconstructed,bool,46026,0,0.0,2,,,,,,,,,,
analysis_county_year,unemployed_reconstructed,bool,46026,0,0.0,2,,,,,,,,,,
analysis_county_year,population_25_plus_reconstructed,bool,46026,0,0.0,2,,,,,,,,,,
analysis_county_year,bachelors_reconstructed,bool,46026,0,0.0,2,,,,,,,,,,
analysis_county_year,masters_reconstructed,bool,46026,0,0.0,2,,,,,,,,,,
analysis_county_year,professional_degree_reconstructed,bool,46026,0,0.0,2,,,,,,,,,,
analysis_county_year,doctorate_reconstructed,bool,46026,0,0.0,2,,,,,,,,,,
analysis_county_year,geography_level,str,46026,0,0.0,2,,,,,,,,,,
analysis_county_year,identifier_repaired,bool,46026,0,0.0,1,,,,,,,,,,
analysis_county_year,median_age_imputed,bool,46026,0,0.0,1,,,,,,,,,,
analysis_county_year,median_household_income_imputed,bool,46026,0,0.0,2,,,,,,,,,,
analysis_county_year,median_home_value_imputed,bool,46026,0,0.0,2,,,,,,,,,,
analysis_county_year,median_gross_rent_imputed,bool,46026,0,0.0,2,,,,,,,,,,
analysis_county_year,poverty_universe_imputed,bool,46026,0,0.0,1,,,,,,,,,,
analysis_county_year,below_poverty_imputed,bool,46026,0,0.0,1,,,,,,,,,,
analysis_county_year,housing_units_imputed,bool,46026,0,0.0,1,,,,,,,,,,
analysis_county_year,vacant_units_imputed,bool,46026,0,0.0,1,,,,,,,,,,
analysis_county_year,occupied_units_imputed,bool,46026,0,0.0,1,,,,,,,,,,
analysis_county_year,owner_occupied_units_imputed,bool,46026,0,0.0,1,,,,,,,,,,
analysis_county_year,civilian_labor_force_imputed,bool,46026,0,0.0,1,,,,,,,,,,
analysis_county_year,unemployed_imputed,bool,46026,0,0.0,1,,,,,,,,,,
analysis_county_year,population_25_plus_imputed,bool,46026,0,0.0,1,,,,,,,,,,
analysis_county_year,bachelors_imputed,bool,46026,0,0.0,1,,,,,,,,,,
analysis_county_year,masters_imputed,bool,46026,0,0.0,1,,,,,,,,,,
analysis_county_year,professional_degree_imputed,bool,46026,0,0.0,1,,,,,,,,,,
analysis_county_year,doctorate_imputed,bool,46026,0,0.0,1,,,,,,,,,,
analysis_county_year,socioeconomic_imputed,bool,46026,0,0.0,2,,,,,,,,,,
analysis_county_year,data_split,str,46026,0,0.0,3,,,,,,,,,,
analysis_county_year,log10_population,float64,46026,0,0.0,35970,0.0,0.0,0.0,2.3820170425748683,3.2022155193049153,4.42212181016856,6.1069577348067545,7.004567346986855,0.44447298208533187,794.0
analysis_county_year,education_band,string,46026,0,0.0,4,,,,,,,,,,
analysis_county_year,population_band,string,46026,0,0.0,4,,,,,,,,,,
analysis_county_year,migration_balance,str,46026,0,0.0,3,,,,,,,,,,
analysis_county_year,net_rate_iqr_flag,bool,46026,0,0.0,2,,,,,,,,,,
climate_county_year,county_fips,str,53414,0,0.0,3142,,,,,,,,,,
climate_county_year,year,int64,53414,0,0.0,17,0.0,0.0,0.0,2009.0,2009.0,2017.0,2025.0,2025.0,0.0,0.0
climate_county_year,precipitation_inches,float64,53414,0,0.0,10161,0.0,0.0,0.0,1.25,7.93,40.78,80.91,238.69,1.0926289970415834,393.0
climate_county_year,temperature_f,float64,53414,0,0.0,6242,0.0,0.0,0.0,13.575000000000001,36.79275,55.30416666666667,73.85000000000001,78.56666666666666,-0.09156037795534286,156.0
climate_county_year,tmax_f,float64,53414,0,0.0,6252,0.0,0.0,0.0,20.10833333333333,46.64166666666667,66.425,84.51558333333335,89.95,-0.19053252443038443,228.0
climate_county_year,tmin_f,float64,53414,0,0.0,6261,0.0,0.0,0.0,7.0583333333333345,26.06775,44.26666666666667,63.86666666666667,70.95833333333333,-0.012838913690897359,125.0
climate_county_year,precipitation_inches_months,int64,53414,0,0.0,1,0.0,0.0,0.0,12.0,12.0,12.0,12.0,12.0,0.0,0.0
climate_county_year,temperature_f_months,int64,53414,0,0.0,1,0.0,0.0,0.0,12.0,12.0,12.0,12.0,12.0,0.0,0.0
climate_county_year,tmax_f_months,int64,53414,0,0.0,1,0.0,0.0,0.0,12.0,12.0,12.0,12.0,12.0,0.0,0.0
climate_county_year,tmin_f_months,int64,53414,0,0.0,1,0.0,0.0,0.0,12.0,12.0,12.0,12.0,12.0,0.0,0.0
climate_incomplete_years,county_fips,str,3142,0,0.0,3142,,,,,,,,,,
climate_incomplete_years,year,int64,3142,0,0.0,1,0.0,0.0,0.0,2026.0,2026.0,2026.0,2026.0,2026.0,0.0,0.0
climate_incomplete_years,precipitation_inches,float64,3142,3142,100.0,0,0.0,0.0,0.0,,,,,,,0.0
climate_incomplete_years,temperature_f,float64,3142,3142,100.0,0,0.0,0.0,0.0,,,,,,,0.0
climate_incomplete_years,tmax_f,float64,3142,3142,100.0,0,0.0,0.0,0.0,,,,,,,0.0
climate_incomplete_years,tmin_f,float64,3142,3142,100.0,0,0.0,0.0,0.0,,,,,,,0.0
climate_incomplete_years,precipitation_inches_months,int64,3142,0,0.0,1,0.0,0.0,0.0,8.0,8.0,8.0,8.0,8.0,0.0,0.0
climate_incomplete_years,temperature_f_months,int64,3142,0,0.0,1,0.0,0.0,0.0,8.0,8.0,8.0,8.0,8.0,0.0,0.0
climate_incomplete_years,tmax_f_months,int64,3142,0,0.0,1,0.0,0.0,0.0,8.0,8.0,8.0,8.0,8.0,0.0,0.0
climate_incomplete_years,tmin_f_months,int64,3142,0,0.0,1,0.0,0.0,0.0,8.0,8.0,8.0,8.0,8.0,0.0,0.0
climate_monthly,county_fips,str,2714688,0,0.0,3142,,,,,,,,,,
climate_monthly,year,int64,2714688,0,0.0,18,0.0,0.0,0.0,2009.0,2009.0,2017.5,2026.0,2026.0,0.0,0.0
climate_monthly,month,int64,2714688,0,0.0,12,0.0,0.0,0.0,1.0,1.0,6.5,12.0,12.0,0.0,0.0
climate_monthly,value,float64,2714688,50272,1.8518518518518516,3480,2727.0,3930.0,0.0,-33.0,0.18,46.3,92.4,112.2,-0.12685885286633175,0.0
climate_monthly,missing_sentinel,bool,2714688,0,0.0,2,,,,,,,,,,
climate_monthly,variable,str,2714688,0,0.0,4,,,,,,,,,,
climate_state_year,county_fips,str,34,0,0.0,2,,,,,,,,,,
climate_state_year,year,int64,34,0,0.0,17,0.0,0.0,0.0,2009.0,2009.0,2017.0,2025.0,2025.0,0.0,0.0
climate_state_year,precipitation_inches,float64,34,0,0.0,34,0.0,0.0,0.0,33.85,34.2988,40.455,63.1851,63.69,1.3702721740732429,3.0
climate_state_year,temperature_f,float64,34,0,0.0,34,0.0,0.0,0.0,24.308333333333334,25.026083333333332,40.43333333333334,52.38141666666667,52.46666666666667,-0.03357067422995703,0.0
climate_state_year,tmax_f,float64,34,0,0.0,33,0.0,0.0,0.0,31.841666666666665,32.523666666666664,49.02916666666667,62.21675,62.225,-0.022899874851404246,0.0
climate_state_year,tmin_f,float64,34,0,0.0,34,0.0,0.0,0.0,16.766666666666666,17.476166666666668,31.77916666666667,42.595,42.65,-0.04772727117632181,0.0
climate_state_year,precipitation_inches_months,int64,34,0,0.0,1,0.0,0.0,0.0,12.0,12.0,12.0,12.0,12.0,0.0,0.0
climate_state_year,temperature_f_months,int64,34,0,0.0,1,0.0,0.0,0.0,12.0,12.0,12.0,12.0,12.0,0.0,0.0
climate_state_year,tmax_f_months,int64,34,0,0.0,1,0.0,0.0,0.0,12.0,12.0,12.0,12.0,12.0,0.0,0.0
climate_state_year,tmin_f_months,int64,34,0,0.0,1,0.0,0.0,0.0,12.0,12.0,12.0,12.0,12.0,0.0,0.0
county_features,county_fips,string,51533,0,0.0,3234,,,,,,,,,,
county_features,year,int64,51533,0,0.0,16,0.0,0.0,0.0,2009.0,2009.0,2017.0,2024.0,2024.0,-7.534956928009977e-05,0.0
county_features,period_start,int64,51533,0,0.0,16,0.0,0.0,0.0,2005.0,2005.0,2013.0,2020.0,2020.0,-7.534956928009977e-05,0.0
county_features,period_end,int64,51533,0,0.0,16,0.0,0.0,0.0,2009.0,2009.0,2017.0,2024.0,2024.0,-7.534956928009977e-05,0.0
county_features,in_scope_us,bool,51533,0,0.0,2,,,,,,,,,,
county_features,population,float64,51533,0,0.0,39253,0.0,0.0,0.0,33.0,924.9600000000002,25986.0,1238304.84,10105722.0,13.993944187577668,6950.0
county_features,population_flag,str,51533,0,0.0,1,,,,,,,,,,
county_features,population_moe,float64,51533,46506,90.2450856732579,253,3098.0,0.0,0.0,0.0,0.0,0.0,290.7399999999998,1564.0,3.935648316253041,68.0
county_features,population_moe_flag,str,51533,0,0.0,2,,,,,,,,,,
county_features,median_age,float64,51533,0,0.0,418,0.0,0.0,0.0,18.0,27.6,40.8,54.8,86.2,0.10866845886501506,1658.0
county_features,median_age_flag,str,51533,0,0.0,1,,,,,,,,,,
county_features,median_age_moe,float64,51533,0,0.0,175,0.0,0.0,0.0,0.1,0.1,0.5,7.0,69.7,9.994622397962772,5255.0
county_features,median_age_moe_flag,str,51533,0,0.0,1,,,,,,,,,,
county_features,median_household_income,float64,51533,8,0.015524033143810763,32425,0.0,0.0,0.0,10499.0,17193.4,48750.0,104477.60000000006,181765.0,1.1282156536033043,1655.0
county_features,median_household_income_flag,str,51533,0,0.0,3,,,,,,,,,,
county_features,median_household_income_moe,float64,51533,8,0.015524033143810763,9466,0.0,0.0,0.0,234.0,616.0,2786.0,14166.120000000024,69746.0,4.440803892277901,3017.0
county_features,median_household_income_moe_flag,str,51533,0,0.0,3,,,,,,,,,,
county_features,median_home_value,float64,51533,39,0.07567966157607746,4675,0.0,0.0,0.0,16800.0,51600.0,124000.0,562414.0,1633900.0,3.4997255808317527,3415.0
county_features,median_home_value_flag,str,51533,0,0.0,3,,,,,,,,,,
county_features,median_home_value_moe,float64,51533,39,0.07567966157607746,17348,2.0,0.0,0.0,0.0,1383.93,6133.5,41775.359999999986,391352.0,8.083855632562429,3700.0
county_features,median_home_value_moe_flag,str,51533,0,0.0,3,,,,,,,,,,
county_features,median_gross_rent,float64,51533,57,0.11060873614965167,1718,0.0,0.0,0.0,99.0,380.0,690.0,1677.25,2922.0,1.847095256595632,2619.0
county_features,median_gross_rent_flag,str,51533,0,0.0,3,,,,,,,,,,
county_features,median_gross_rent_moe,float64,51533,57,0.11060873614965167,510,2.0,0.0,0.0,0.0,8.0,39.0,269.0,1665.0,5.3648480918904635,3765.0
county_features,median_gross_rent_moe_flag,str,51533,0,0.0,3,,,,,,,,,,
county_features,poverty_universe,float64,51533,1,0.0019405041429763454,39030,0.0,0.0,0.0,33.0,913.0,25070.5,1214099.8900000039,9955473.0,14.046495763954939,6931.0
county_features,poverty_universe_flag,str,51533,0,0.0,2,,,,,,,,,,
county_features,poverty_universe_moe,float64,51533,1,0.0019405041429763454,2019,0.0,0.0,0.0,1.0,8.0,176.0,1696.6900000000023,11186.0,4.296869793261215,4239.0
county_features,poverty_universe_moe_flag,str,51533,0,0.0,2,,,,,,,,,,
county_features,below_poverty,float64,51533,1,0.0019405041429763454,20077,7.0,0.0,0.0,0.0,95.0,4097.5,174230.560000001,1805868.0,16.08813429104246,5716.0
county_features,below_poverty_flag,str,51533,0,0.0,2,,,,,,,,,,
county_features,below_poverty_moe,float64,51533,1,0.0019405041429763454,4445,0.0,0.0,0.0,2.0,46.0,630.0,5240.450000000012,17434.0,4.451015917590158,3887.0
county_features,below_poverty_moe_flag,str,51533,0,0.0,2,,,,,,,,,,
county_features,civilian_labor_force,float64,51533,1,0.0019405041429763454,31442,0.0,0.0,0.0,25.0,461.31000000000006,11604.5,656349.4000000015,5252747.0,13.898791003423625,7169.0
county_features,civilian_labor_force_flag,str,51533,0,0.0,3,,,,,,,,,,
county_features,civilian_labor_force_moe,float64,51533,1,0.0019405041429763454,9660,0.0,0.0,0.0,11.0,66.0,474.0,3407.9000000000233,11220.0,3.726994656070416,4229.0
county_features,civilian_labor_force_moe_flag,str,51533,0,0.0,3,,,,,,,,,,
county_features,unemployed,float64,51533,1,0.0019405041429763454,10267,208.0,0.0,0.0,0.0,6.0,798.0,47408.12000000011,580531.0,17.106136967358808,6540.0
county_features,unemployed_flag,str,51533,0,0.0,3,,,,,,,,,,
county_features,unemployed_moe,float64,51533,1,0.0019405041429763454,8407,0.0,0.0,0.0,1.0,10.0,229.0,1808.6900000000023,6351.0,3.8873334138773856,3140.0
county_features,unemployed_moe_flag,str,51533,0,0.0,3,,,,,,,,,,
county_features,housing_units,float64,51533,0,0.0,31514,0.0,0.0,0.0,33.0,596.0,12343.0,526296.1600000001,3650466.0,12.123759817869697,6549.0
county_features,housing_units_flag,str,51533,0,0.0,1,,,,,,,,,,
county_features,housing_units_moe,float64,51533,0,0.0,1093,0.0,0.0,0.0,8.0,17.0,85.0,767.0,3942.0,4.197511782162467,4027.0
county_features,housing_units_moe_flag,str,51533,0,0.0,1,,,,,,,,,,
county_features,vacant_units,float64,51533,0,0.0,13000,0.0,0.0,0.0,6.0,145.0,1953.0,57251.36000000001,245069.0,9.029648333252519,5453.0
county_features,vacant_units_flag,str,51533,0,0.0,1,,,,,,,,,,
county_features,vacant_units_moe,float64,51533,0,0.0,2144,0.0,0.0,0.0,5.0,35.0,269.0,1889.6800000000003,5796.0,4.303100602396043,3811.0
county_features,vacant_units_moe_flag,str,51533,0,0.0,1,,,,,,,,,,
county_features,occupied_units,float64,51533,0,0.0,29468,0.0,0.0,0.0,17.0,385.32000000000005,9936.0,478213.8800000003,3416449.0,12.537347009661936,6840.0
county_features,occupied_units_flag,str,51533,0,0.0,1,,,,,,,,,,
county_features,occupied_units_moe,float64,51533,0,0.0,2239,0.0,0.0,0.0,7.0,47.0,291.0,1978.0400000000009,6253.0,4.115291171052108,3799.0
county_features,occupied_units_moe_flag,str,51533,0,0.0,1,,,,,,,,,,
county_features,owner_occupied_units,float64,51533,0,0.0,25969,11.0,0.0,0.0,0.0,271.0,7235.0,282982.04000000004,1567983.0,9.82564679402686,6696.0
county_features,owner_occupied_units_flag,str,51533,0,0.0,1,,,,,,,,,,
county_features,owner_occupied_units_moe,float64,51533,0,0.0,2706,0.0,0.0,0.0,2.0,43.0,315.0,2580.4000000000015,10546.0,5.246084732102229,4383.0
county_features,owner_occupied_units_moe_flag,str,51533,0,0.0,1,,,,,,,,,,
county_features,population_25_plus,float64,51533,0,0.0,35636,0.0,0.0,0.0,31.0,684.32,17877.0,860753.8,6922061.0,13.9724228033041,6833.0
county_features,population_25_plus_flag,str,51533,0,0.0,2,,,,,,,,,,
county_features,population_25_plus_moe,float64,51533,1609,3.1222711660489395,511,113.0,0.0,0.0,0.0,14.0,100.0,321.0,1924.0,3.045015726625531,1248.0
county_features,population_25_plus_moe_flag,str,51533,0,0.0,3,,,,,,,,,,
county_features,bachelors,float64,51533,0,0.0,17002,9.0,0.0,0.0,0.0,96.0,2064.0,196229.32000000012,1590181.0,13.000510990051833,7747.0
county_features,bachelors_flag,str,51533,0,0.0,2,,,,,,,,,,
county_features,bachelors_moe,float64,51533,0,0.0,10730,0.0,0.0,0.0,3.0,34.0,280.2427519134081,3075.040000000001,11376.0,4.070797131533377,5064.0
county_features,bachelors_moe_flag,str,51533,0,0.0,2,,,,,,,,,,
county_features,masters,float64,51533,0,0.0,11952,23.0,0.0,0.0,0.0,20.0,781.0,90916.60000000006,608104.0,10.64079910860219,7645.0
county_features,masters_flag,str,51533,0,0.0,2,,,,,,,,,,
county_features,masters_moe,float64,51533,0,0.0,9141,0.0,0.0,0.0,2.0,14.0,175.0,2227.040000000001,7225.0,4.227105460957122,5266.0
county_features,masters_moe_flag,str,51533,0,0.0,2,,,,,,,,,,
county_features,professional_degree,float64,51533,0,0.0,6458,1068.0,0.0,0.0,0.0,0.0,154.0,24111.4,185424.0,12.771873852909273,7560.0
county_features,professional_degree_flag,str,51533,0,0.0,2,,,,,,,,,,
county_features,professional_degree_moe,float64,51533,0,0.0,6505,0.0,0.0,0.0,1.0,5.0,79.0,1157.6800000000003,3811.0,4.641673310346509,5328.0
county_features,professional_degree_moe_flag,str,51533,0,0.0,2,,,,,,,,,,
county_features,doctorate,float64,51533,0,0.0,5580,2366.0,0.0,0.0,0.0,0.0,97.0,14356.920000000006,107457.0,11.322102452602822,7712.0
county_features,doctorate_flag,str,51533,0,0.0,2,,,,,,,,,,
county_features,doctorate_moe,float64,51533,0,0.0,5696,0.0,0.0,0.0,1.0,4.0,68.0,927.0,2891.0,4.2828484323582545,5029.0
county_features,doctorate_moe_flag,str,51533,0,0.0,2,,,,,,,,,,
county_features,civilian_labor_force_reconstructed,bool,51533,0,0.0,2,,,,,,,,,,
county_features,unemployed_reconstructed,bool,51533,0,0.0,2,,,,,,,,,,
county_features,population_25_plus_reconstructed,bool,51533,0,0.0,2,,,,,,,,,,
county_features,bachelors_reconstructed,bool,51533,0,0.0,2,,,,,,,,,,
county_features,masters_reconstructed,bool,51533,0,0.0,2,,,,,,,,,,
county_features,professional_degree_reconstructed,bool,51533,0,0.0,2,,,,,,,,,,
county_features,doctorate_reconstructed,bool,51533,0,0.0,2,,,,,,,,,,
county_features,poverty_pct,float64,51533,1,0.0019405041429763454,51305,7.0,0.0,0.0,0.0,4.814342512585942,14.824552258392522,50.601628304165494,67.07371225577265,2.0050079901093523,2178.0
county_features,unemployment_pct,float64,51533,1,0.0019405041429763454,50390,208.0,0.0,0.0,0.0,0.7232925398940089,6.152691778775357,21.36235803280454,40.89319771137953,1.7409043540627867,1825.0
county_features,vacancy_pct,float64,51533,0,0.0,51148,0.0,0.0,0.0,1.6839677047289503,4.291818407148784,15.370154528706244,55.26638927809127,88.25910931174089,1.6700813368965621,2342.0
county_features,homeownership_pct,float64,51533,0,0.0,50746,11.0,0.0,0.0,0.0,45.89539355028927,73.48532560775917,86.73361633311322,97.38527214514407,-1.340124184655602,1587.0
county_features,bachelors_plus_pct,float64,51533,0,0.0,51176,7.0,0.0,0.0,0.0,8.089039199991333,18.993338267949667,53.23339426524361,80.53254437869822,1.4471369250398258,2338.0
county_geography_vintages,county_fips,string,51533,0,0.0,3234,,,,,,,,,,
county_geography_vintages,year,int64,51533,0,0.0,16,0.0,0.0,0.0,2009.0,2009.0,2017.0,2024.0,2024.0,-7.534956928009977e-05,0.0
county_geography_vintages,in_scope_us,bool,51533,0,0.0,2,,,,,,,,,,
county_year_panel,county_fips,str,49717,0,0.0,3109,,,,,,,,,,
county_year_panel,year,int64,49717,0,0.0,16,0.0,0.0,0.0,2009.0,2009.0,2016.0,2024.0,2024.0,0.0001552936402907493,0.0
county_year_panel,period_start,int64,49717,0,0.0,16,0.0,0.0,0.0,2005.0,2005.0,2012.0,2020.0,2020.0,0.0001552936402907493,0.0
county_year_panel,period_end,int64,49717,0,0.0,16,0.0,0.0,0.0,2009.0,2009.0,2016.0,2024.0,2024.0,0.0001552936402907493,0.0
county_year_panel,in_scope_us,bool,49717,0,0.0,1,,,,,,,,,,
county_year_panel,population,float64,49717,0,0.0,38193,0.0,0.0,0.0,33.0,938.1600000000001,25899.0,1272494.759999999,10105722.0,13.488676605539077,6726.0
county_year_panel,population_flag,str,49717,0,0.0,1,,,,,,,,,,
county_year_panel,population_moe,float64,49717,44914,90.33932055433755,235,2994.0,0.0,0.0,0.0,0.0,0.0,257.97999999999956,1564.0,4.039840369061265,45.0
county_year_panel,population_moe_flag,str,49717,0,0.0,2,,,,,,,,,,
county_year_panel,median_age,float64,49717,0,0.0,416,0.0,0.0,0.0,21.4,27.8,40.9,54.9,86.2,0.12214722691087804,1587.0
county_year_panel,median_age_flag,str,49717,0,0.0,1,,,,,,,,,,
county_year_panel,median_age_moe,float64,49717,0,0.0,175,0.0,0.0,0.0,0.1,0.1,0.5,6.9,69.7,10.287313795983332,5033.0
county_year_panel,median_age_moe_flag,str,49717,0,0.0,1,,,,,,,,,,
county_year_panel,median_household_income,float64,49717,8,0.01609107548725788,30994,0.0,0.0,0.0,17109.0,26330.48,49055.0,104850.83999999991,181765.0,1.3865292104131535,1643.0
county_year_panel,median_household_income_flag,str,49717,0,0.0,3,,,,,,,,,,
county_year_panel,median_household_income_moe,float64,49717,8,0.01609107548725788,9351,0.0,0.0,0.0,234.0,614.0,2819.0,13991.039999999935,69746.0,4.506948400456187,2885.0
county_year_panel,median_household_income_moe_flag,str,49717,0,0.0,3,,,,,,,,,,
county_year_panel,median_home_value,float64,49717,39,0.07844399300038216,4653,0.0,0.0,0.0,16800.0,51377.00000000001,124400.0,569100.0,1633900.0,3.5088565372603724,3283.0
county_year_panel,median_home_value_flag,str,49717,0,0.0,3,,,,,,,,,,
county_year_panel,median_home_value_moe,float64,49717,39,0.07844399300038216,17060,2.0,0.0,0.0,0.0,1375.0,6187.0,41046.20999999989,391352.0,8.38328556510224,3467.0
county_year_panel,median_home_value_moe_flag,str,49717,0,0.0,3,,,,,,,,,,
county_year_panel,median_gross_rent,float64,49717,57,0.1146489128467124,1690,0.0,0.0,0.0,99.0,400.0,692.0,1683.0,2922.0,1.9328355829160675,2579.0
county_year_panel,median_gross_rent_flag,str,49717,0,0.0,3,,,,,,,,,,
county_year_panel,median_gross_rent_moe,float64,49717,57,0.1146489128467124,505,2.0,0.0,0.0,0.0,7.590000000000032,39.0,269.0,1665.0,5.401370136584185,3606.0
county_year_panel,median_gross_rent_moe_flag,str,49717,0,0.0,3,,,,,,,,,,
county_year_panel,poverty_universe,float64,49717,1,0.002011384435907235,37968,0.0,0.0,0.0,33.0,922.6000000000001,24925.0,1256079.899999995,9955473.0,13.540347596259549,6712.0
county_year_panel,poverty_universe_flag,str,49717,0,0.0,2,,,,,,,,,,
county_year_panel,poverty_universe_moe,float64,49717,1,0.002011384435907235,2012,0.0,0.0,0.0,1.0,9.0,179.0,1703.699999999997,6389.0,3.630797625443054,4064.0
county_year_panel,poverty_universe_moe_flag,str,49717,0,0.0,2,,,,,,,,,,
county_year_panel,below_poverty,float64,49717,1,0.002011384435907235,19305,7.0,0.0,0.0,0.0,98.0,3978.0,182947.14999999985,1805868.0,15.698192057308932,5790.0
county_year_panel,below_poverty_flag,str,49717,0,0.0,2,,,,,,,,,,
county_year_panel,below_poverty_moe,float64,49717,1,0.002011384435907235,4441,0.0,0.0,0.0,2.0,47.0,620.0,5426.799999999988,17434.0,4.459053995654277,3993.0
county_year_panel,below_poverty_moe_flag,str,49717,0,0.0,2,,,,,,,,,,
county_year_panel,civilian_labor_force,float64,49717,1,0.002011384435907235,30854,0.0,0.0,0.0,25.0,462.0,11727.0,673320.7499999997,5252747.0,13.395609027346822,6929.0
county_year_panel,civilian_labor_force_flag,str,49717,0,0.0,3,,,,,,,,,,
county_year_panel,civilian_labor_force_moe,float64,49717,1,0.002011384435907235,9434,0.0,0.0,0.0,11.0,65.0,471.0,3482.8808122415776,11220.0,3.7279055253426345,4124.0
county_year_panel,civilian_labor_force_moe_flag,str,49717,0,0.0,3,,,,,,,,,,
county_year_panel,unemployed,float64,49717,1,0.002011384435907235,10080,205.0,0.0,0.0,0.0,6.0,780.0,49174.89999999992,580531.0,16.464297115259075,6479.0
county_year_panel,unemployed_flag,str,49717,0,0.0,3,,,,,,,,,,
county_year_panel,unemployed_moe,float64,49717,1,0.002011384435907235,8196,0.0,0.0,0.0,1.0,10.0,225.0,1843.8499999999985,6351.0,3.9277986299587875,3142.0
county_year_panel,unemployed_moe_flag,str,49717,0,0.0,3,,,,,,,,,,
county_year_panel,housing_units,float64,49717,0,0.0,30859,0.0,0.0,0.0,33.0,598.1600000000001,12383.0,547531.8399999938,3650466.0,11.737243954180018,6315.0
county_year_panel,housing_units_flag,str,49717,0,0.0,1,,,,,,,,,,
county_year_panel,housing_units_moe,float64,49717,0,0.0,1077,0.0,0.0,0.0,8.0,17.0,83.0,759.8399999999965,3312.0,4.013991032539589,3989.0
county_year_panel,housing_units_moe_flag,str,49717,0,0.0,1,,,,,,,,,,
county_year_panel,vacant_units,float64,49717,0,0.0,12801,0.0,0.0,0.0,6.0,143.0,1931.0,58824.27999999994,245069.0,8.800562910939508,5268.0
county_year_panel,vacant_units_flag,str,49717,0,0.0,1,,,,,,,,,,
county_year_panel,vacant_units_moe,float64,49717,0,0.0,2154,0.0,0.0,0.0,5.0,36.0,268.0,1948.5199999999895,5796.0,4.3298729921482835,3706.0
county_year_panel,vacant_units_moe_flag,str,49717,0,0.0,1,,,,,,,,,,
county_year_panel,occupied_units,float64,49717,0,0.0,28901,0.0,0.0,0.0,17.0,397.0,9964.0,496771.5199999998,3416449.0,12.127523027722342,6601.0
county_year_panel,occupied_units_flag,str,49717,0,0.0,1,,,,,,,,,,
county_year_panel,occupied_units_moe,float64,49717,0,0.0,2249,0.0,0.0,0.0,7.0,47.0,289.0,2031.0,6253.0,4.137436105862776,3734.0
county_year_panel,occupied_units_moe_flag,str,49717,0,0.0,1,,,,,,,,,,
county_year_panel,owner_occupied_units,float64,49717,0,0.0,25542,11.0,0.0,0.0,0.0,287.0,7268.0,291593.9599999989,1567983.0,9.693958336239675,6468.0
county_year_panel,owner_occupied_units_flag,str,49717,0,0.0,1,,,,,,,,,,
county_year_panel,owner_occupied_units_moe,float64,49717,0,0.0,2708,0.0,0.0,0.0,2.0,44.0,313.0,2649.8399999999965,10546.0,5.2516694423504156,4276.0
county_year_panel,owner_occupied_units_moe_flag,str,49717,0,0.0,1,,,,,,,,,,
county_year_panel,population_25_plus,float64,49717,0,0.0,34762,0.0,0.0,0.0,31.0,697.1600000000001,17803.0,883539.9199999998,6922061.0,13.467590513922898,6609.0
county_year_panel,population_25_plus_flag,str,49717,0,0.0,2,,,,,,,,,,
county_year_panel,population_25_plus_moe,float64,49717,488,0.9815556047227306,518,38.0,0.0,0.0,0.0,15.0,101.0,324.0,1924.0,3.071042855287655,1260.0
county_year_panel,population_25_plus_moe_flag,str,49717,0,0.0,3,,,,,,,,,,
county_year_panel,bachelors,float64,49717,0,0.0,16698,9.0,0.0,0.0,0.0,99.0,2028.0,202159.07999999908,1590181.0,12.572103993356029,7492.0
county_year_panel,bachelors_flag,str,49717,0,0.0,2,,,,,,,,,,
county_year_panel,bachelors_moe,float64,49717,0,0.0,10469,0.0,0.0,0.0,3.0,34.00940363709645,277.0,3165.1999999999825,11376.0,4.075970399723213,5019.0
county_year_panel,bachelors_moe_flag,str,49717,0,0.0,2,,,,,,,,,,
county_year_panel,masters,float64,49717,0,0.0,11791,23.0,0.0,0.0,0.0,21.0,789.0,93689.6799999999,608104.0,10.494238736098108,7344.0
county_year_panel,masters_flag,str,49717,0,0.0,2,,,,,,,,,,
county_year_panel,masters_moe,float64,49717,0,0.0,8949,0.0,0.0,0.0,2.0,14.59295630362862,174.0919297382851,2281.8399999999965,7225.0,4.274637109844128,5127.0
county_year_panel,masters_moe_flag,str,49717,0,0.0,2,,,,,,,,,,
county_year_panel,professional_degree,float64,49717,0,0.0,6375,930.0,0.0,0.0,0.0,0.0,158.0,25216.239999999874,185424.0,12.39827661486253,7293.0
county_year_panel,professional_degree_flag,str,49717,0,0.0,2,,,,,,,,,,
county_year_panel,professional_degree_moe,float64,49717,0,0.0,6415,0.0,0.0,0.0,1.0,5.0,80.0,1184.0,3811.0,4.654665108857681,5189.0
county_year_panel,professional_degree_moe_flag,str,49717,0,0.0,2,,,,,,,,,,
county_year_panel,doctorate,float64,49717,0,0.0,5522,2259.0,0.0,0.0,0.0,0.0,97.0,14783.719999999972,107457.0,11.009093328268998,7433.0
county_year_panel,doctorate_flag,str,49717,0,0.0,2,,,,,,,,,,
county_year_panel,doctorate_moe,float64,49717,0,0.0,5614,0.0,0.0,0.0,1.0,4.0,68.0,946.0,2891.0,4.290804547991995,4876.0
county_year_panel,doctorate_moe_flag,str,49717,0,0.0,2,,,,,,,,,,
county_year_panel,civilian_labor_force_reconstructed,bool,49717,0,0.0,2,,,,,,,,,,
county_year_panel,unemployed_reconstructed,bool,49717,0,0.0,2,,,,,,,,,,
county_year_panel,population_25_plus_reconstructed,bool,49717,0,0.0,2,,,,,,,,,,
county_year_panel,bachelors_reconstructed,bool,49717,0,0.0,2,,,,,,,,,,
county_year_panel,masters_reconstructed,bool,49717,0,0.0,2,,,,,,,,,,
county_year_panel,professional_degree_reconstructed,bool,49717,0,0.0,2,,,,,,,,,,
county_year_panel,doctorate_reconstructed,bool,49717,0,0.0,2,,,,,,,,,,
county_year_panel,poverty_pct,float64,49717,1,0.002011384435907235,49498,7.0,0.0,0.0,0.0,4.807834405653138,14.679564924956278,35.50935714173017,59.02470600927824,1.0332500236567266,1199.0
county_year_panel,unemployment_pct,float64,49717,1,0.002011384435907235,48620,205.0,0.0,0.0,0.0,0.702428930725043,6.049860208734515,17.163704165556382,36.107986501687286,1.1761819557239035,1205.0
county_year_panel,vacancy_pct,float64,49717,0,0.0,49353,0.0,0.0,0.0,1.6839677047289503,4.264574782059917,15.172499072585632,54.47659406371165,88.25910931174089,1.6739320310314216,2263.0
county_year_panel,homeownership_pct,float64,49717,0,0.0,48972,11.0,0.0,0.0,0.0,45.90683981417384,73.5779332189521,86.84135632571288,97.38527214514407,-1.3497838274069098,1534.0
county_year_panel,bachelors_plus_pct,float64,49717,0,0.0,49385,7.0,0.0,0.0,0.0,8.088814255749158,18.924620288768047,53.5305227201218,80.53254437869822,1.4592500559946722,2270.0
county_year_panel,inflow_individuals,float64,49717,3580,7.2007562805479015,11818,0.0,0.0,0.0,16.0,53.0,1209.0,60392.439999999944,229710.0,6.58388650375812,6176.0
county_year_panel,inflow_returns,float64,49717,3580,7.2007562805479015,8893,0.0,0.0,0.0,10.0,27.0,612.0,34832.119999999995,141960.0,6.857796030860219,6276.0
county_year_panel,outflow_individuals,float64,49717,3490,7.019731681316251,11534,0.0,0.0,0.0,15.0,53.0,1177.0,63520.43999999999,340909.0,8.136249628754017,6243.0
county_year_panel,outflow_returns,float64,49717,3490,7.019731681316251,8733,0.0,0.0,0.0,10.0,28.0,613.0,35665.05999999976,188269.0,8.169553209212328,6287.0
county_year_panel,net_individuals,float64,49717,3663,7.367701188728201,5951,162.0,21681.0,0.0,-145441.0,-6184.969999999998,9.0,5727.940000000002,121194.0,-12.821302642963275,9106.0
county_year_panel,inflow_individuals_per_1000,float64,49717,3580,7.2007562805479015,45734,0.0,0.0,0.0,7.001400280056012,19.06389160063984,45.12207685175647,111.08958299504252,867.2708962739174,6.209703024468785,1684.0
county_year_panel,outflow_individuals_per_1000,float64,49717,3490,7.019731681316251,45786,0.0,0.0,0.0,9.047044632086852,21.766590868977453,44.49374624723949,103.8339073896879,2951.9462624870825,55.2291424769017,1874.0
county_year_panel,net_individuals_per_1000,float64,49717,3663,7.367701188728201,45486,162.0,21681.0,0.0,-2923.355149844988,-23.889157176236974,0.484525472806953,34.62824775517379,677.9196117733939,-97.55263518677503,2818.0
county_year_panel,declarations,float64,49717,0,0.0,9,32322.0,0.0,0.0,0.0,0.0,0.0,3.0,8.0,2.2204687824622873,841.0
county_year_panel,incident_types,float64,49717,32322,65.01196773739365,4,0.0,0.0,0.0,1.0,1.0,1.0,3.0,4.0,2.4582402413137636,2789.0
county_year_panel,precipitation_inches,float64,49717,27,0.054307379769495345,9889,0.0,0.0,0.0,1.25,7.858899999999999,40.94,78.28999999999999,132.48,0.15123586378900458,219.0
county_year_panel,temperature_f,float64,49717,27,0.054307379769495345,5887,0.0,0.0,0.0,24.308333333333334,38.25,55.425000000000004,73.82591666666667,78.56666666666666,0.02944720230834806,13.0
county_year_panel,tmax_f,float64,49717,27,0.054307379769495345,5783,0.0,0.0,0.0,31.841666666666665,49.14166666666667,66.53333333333333,84.46666666666667,89.95,-0.006539702756933309,16.0
county_year_panel,tmin_f,float64,49717,27,0.054307379769495345,6032,0.0,0.0,0.0,16.766666666666666,26.925,44.37916666666666,63.875,70.95833333333333,0.05193836295965426,28.0
county_year_panel,precipitation_inches_months,float64,49717,27,0.054307379769495345,1,0.0,0.0,0.0,12.0,12.0,12.0,12.0,12.0,0.0,0.0
county_year_panel,temperature_f_months,float64,49717,27,0.054307379769495345,1,0.0,0.0,0.0,12.0,12.0,12.0,12.0,12.0,0.0,0.0
county_year_panel,tmax_f_months,float64,49717,27,0.054307379769495345,1,0.0,0.0,0.0,12.0,12.0,12.0,12.0,12.0,0.0,0.0
county_year_panel,tmin_f_months,float64,49717,27,0.054307379769495345,1,0.0,0.0,0.0,12.0,12.0,12.0,12.0,12.0,0.0,0.0
county_year_panel,geography_level,str,49717,0,0.0,2,,,,,,,,,,
county_year_panel,geography_caution,bool,49717,0,0.0,1,,,,,,,,,,
county_year_panel,irs_methodology_series,str,49717,0,0.0,3,,,,,,,,,,
fema_area_county_mapping,femaDeclarationString,str,34589,0,0.0,2256,,,,,,,,,,
fema_area_county_mapping,disasterNumber,str,34589,0,0.0,2256,,,,,,,,,,
fema_area_county_mapping,state,str,34589,0,0.0,51,,,,,,,,,,
fema_area_county_mapping,declarationType,str,34589,0,0.0,3,,,,,,,,,,
fema_area_county_mapping,declarationDate,"datetime64[us, UTC]",34589,0,0.0,1470,,,,,,,,,,
fema_area_county_mapping,fyDeclared,str,34589,0,0.0,18,,,,,,,,,,
fema_area_county_mapping,incidentType,str,34589,0,0.0,23,,,,,,,,,,
fema_area_county_mapping,declarationTitle,str,34589,0,0.0,1098,,,,,,,,,,
fema_area_county_mapping,ihProgramDeclared,str,34589,0,0.0,2,,,,,,,,,,
fema_area_county_mapping,iaProgramDeclared,str,34589,0,0.0,1,,,,,,,,,,
fema_area_county_mapping,paProgramDeclared,str,34589,0,0.0,2,,,,,,,,,,
fema_area_county_mapping,hmProgramDeclared,str,34589,0,0.0,2,,,,,,,,,,
fema_area_county_mapping,incidentBeginDate,"datetime64[us, UTC]",34589,0,0.0,1296,,,,,,,,,,
fema_area_county_mapping,incidentEndDate,"datetime64[us, UTC]",34589,0,0.0,1419,,,,,,,,,,
fema_area_county_mapping,disasterCloseoutDate,str,34589,16887,48.82187978837202,676,,,,,,,,,,
fema_area_county_mapping,tribalRequest,str,34589,0,0.0,2,,,,,,,,,,
fema_area_county_mapping,fipsStateCode,str,34589,0,0.0,51,,,,,,,,,,
fema_area_county_mapping,fipsCountyCode,str,34589,0,0.0,327,,,,,,,,,,
fema_area_county_mapping,placeCode,str,34589,0,0.0,1173,,,,,,,,,,
fema_area_county_mapping,designatedArea,str,34589,0,0.0,2720,,,,,,,,,,
fema_area_county_mapping,declarationRequestNumber,str,34589,0,0.0,2256,,,,,,,,,,
fema_area_county_mapping,declarationRequestDate,str,34589,0,0.0,1512,,,,,,,,,,
fema_area_county_mapping,lastIAFilingDate,str,34589,22743,65.75211772528839,281,,,,,,,,,,
fema_area_county_mapping,incidentId,str,34589,0,0.0,1744,,,,,,,,,,
fema_area_county_mapping,region,str,34589,0,0.0,10,,,,,,,,,,
fema_area_county_mapping,designatedIncidentTypes,str,34589,27200,78.63771719332736,80,,,,,,,,,,
fema_area_county_mapping,lastRefresh,str,34589,0,0.0,11,,,,,,,,,,
fema_area_county_mapping,hash,str,34589,0,0.0,32681,,,,,,,,,,
fema_area_county_mapping,id,str,34589,0,0.0,32681,,,,,,,,,,
fema_area_county_mapping,county_fips,str,34589,0,0.0,3109,,,,,,,,,,
fema_area_county_mapping,year,int64,34589,0,0.0,18,0.0,0.0,0.0,2009.0,2009.0,2020.0,2026.0,2026.0,-0.38817213425465674,0.0
fema_area_county_mapping,county_coded_us,bool,34589,0,0.0,2,,,,,,,,,,
fema_area_county_mapping,duration_days,float64,34589,0,0.0,102,0.0,0.0,0.0,1.0,1.0,16.0,1208.0,1208.0,1.252119674987675,8080.0
fema_area_county_mapping,invalid_duration,bool,34589,0,0.0,1,,,,,,,,,,
fema_area_county_mapping,incident_end_imputed,bool,34589,0,0.0,2,,,,,,,,,,
fema_area_county_mapping,source_county_fips,str,34589,0,0.0,3178,,,,,,,,,,
fema_area_county_mapping,mapping_method,str,34589,0,0.0,5,,,,,,,,,,
fema_area_county_mapping,geography_reference_year,int64,34589,0,0.0,16,0.0,0.0,0.0,2009.0,2009.0,2020.0,2024.0,2024.0,-0.578666709711192,0.0
fema_cleaned_incidents,femaDeclarationString,str,34290,0,0.0,2362,,,,,,,,,,
fema_cleaned_incidents,disasterNumber,str,34290,0,0.0,2362,,,,,,,,,,
fema_cleaned_incidents,state,str,34290,0,0.0,56,,,,,,,,,,
fema_cleaned_incidents,declarationType,str,34290,0,0.0,3,,,,,,,,,,
fema_cleaned_incidents,declarationDate,"datetime64[us, UTC]",34290,0,0.0,1513,,,,,,,,,,
fema_cleaned_incidents,fyDeclared,str,34290,0,0.0,18,,,,,,,,,,
fema_cleaned_incidents,incidentType,str,34290,0,0.0,24,,,,,,,,,,
fema_cleaned_incidents,declarationTitle,str,34290,0,0.0,1129,,,,,,,,,,
fema_cleaned_incidents,ihProgramDeclared,str,34290,0,0.0,2,,,,,,,,,,
fema_cleaned_incidents,iaProgramDeclared,str,34290,0,0.0,1,,,,,,,,,,
fema_cleaned_incidents,paProgramDeclared,str,34290,0,0.0,2,,,,,,,,,,
fema_cleaned_incidents,hmProgramDeclared,str,34290,0,0.0,2,,,,,,,,,,
fema_cleaned_incidents,incidentBeginDate,"datetime64[us, UTC]",34290,0,0.0,1338,,,,,,,,,,
fema_cleaned_incidents,incidentEndDate,"datetime64[us, UTC]",34290,0,0.0,1458,,,,,,,,,,
fema_cleaned_incidents,disasterCloseoutDate,str,34290,16999,49.57421988918052,695,,,,,,,,,,
fema_cleaned_incidents,tribalRequest,str,34290,0,0.0,2,,,,,,,,,,
fema_cleaned_incidents,fipsStateCode,str,34290,0,0.0,56,,,,,,,,,,
fema_cleaned_incidents,fipsCountyCode,str,34290,0,0.0,332,,,,,,,,,,
fema_cleaned_incidents,placeCode,str,34290,0,0.0,1273,,,,,,,,,,
fema_cleaned_incidents,designatedArea,str,34290,0,0.0,2906,,,,,,,,,,
fema_cleaned_incidents,declarationRequestNumber,str,34290,0,0.0,2362,,,,,,,,,,
fema_cleaned_incidents,declarationRequestDate,str,34290,0,0.0,1562,,,,,,,,,,
fema_cleaned_incidents,lastIAFilingDate,str,34290,22300,65.03353747448236,298,,,,,,,,,,
fema_cleaned_incidents,incidentId,str,34290,0,0.0,1789,,,,,,,,,,
fema_cleaned_incidents,region,str,34290,0,0.0,10,,,,,,,,,,
fema_cleaned_incidents,designatedIncidentTypes,str,34290,26844,78.28521434820648,85,,,,,,,,,,
fema_cleaned_incidents,lastRefresh,str,34290,0,0.0,11,,,,,,,,,,
fema_cleaned_incidents,hash,str,34290,0,0.0,34290,,,,,,,,,,
fema_cleaned_incidents,id,str,34290,0,0.0,34290,,,,,,,,,,
fema_cleaned_incidents,county_fips,string,34290,0,0.0,3278,,,,,,,,,,
fema_cleaned_incidents,year,Int64,34290,0,0.0,18,0.0,0.0,0.0,2009.0,2009.0,2020.0,2026.0,2026.0,-0.42556959860223104,0.0
fema_cleaned_incidents,county_coded_us,bool[pyarrow],34290,0,0.0,2,,,,,,,,,,
fema_cleaned_incidents,duration_days,float64,34290,0,0.0,104,0.0,0.0,0.0,1.0,1.0,15.0,1208.0,1208.0,1.2811879960007635,7859.0
fema_cleaned_incidents,invalid_duration,bool,34290,0,0.0,1,,,,,,,,,,
fema_cleaned_incidents,incident_end_imputed,bool,34290,0,0.0,2,,,,,,,,,,
fema_county_events,county_fips,str,25050,0,0.0,3109,,,,,,,,,,
fema_county_events,event_id,string,25050,0,0.0,1744,,,,,,,,,,
fema_county_events,incidentBeginDate,"datetime64[us, UTC]",25050,0,0.0,1293,,,,,,,,,,
fema_county_events,incidentEndDate,"datetime64[us, UTC]",25050,0,0.0,1411,,,,,,,,,,
fema_county_events,incidentType,str,25050,0,0.0,29,,,,,,,,,,
fema_county_events,declaration_numbers,str,25050,0,0.0,2195,,,,,,,,,,
fema_county_events,declaration_count,int64,25050,0,0.0,10,0.0,0.0,0.0,1.0,1.0,1.0,2.0,12.0,2.684822577208458,59.0
fema_county_events,source_record_count,int64,25050,0,0.0,32,0.0,0.0,0.0,1.0,1.0,1.0,4.0,147.0,50.744497583121905,332.0
fema_county_events,event_key_method,str,25050,0,0.0,1,,,,,,,,,,
fema_county_events,year,int64,25050,0,0.0,18,0.0,0.0,0.0,2009.0,2009.0,2019.0,2026.0,2026.0,-0.18465658235446597,0.0
fema_county_year,county_fips,str,19435,0,0.0,3109,,,,,,,,,,
fema_county_year,year,int64,19435,0,0.0,18,0.0,0.0,0.0,2009.0,2009.0,2019.0,2026.0,2026.0,-0.16465501497466495,0.0
fema_county_year,declarations,int64,19435,0,0.0,8,0.0,0.0,0.0,1.0,1.0,1.0,4.0,8.0,3.2728729879602034,4258.0
fema_county_year,incident_types,int64,19435,0,0.0,4,0.0,0.0,0.0,1.0,1.0,1.0,3.0,4.0,2.5407052521699542,2963.0
fema_declarations,femaDeclarationString,str,34290,0,0.0,2362,,,,,,,,,,
fema_declarations,disasterNumber,str,34290,0,0.0,2362,,,,,,,,,,
fema_declarations,state,str,34290,0,0.0,56,,,,,,,,,,
fema_declarations,declarationType,str,34290,0,0.0,3,,,,,,,,,,
fema_declarations,declarationDate,"datetime64[us, UTC]",34290,0,0.0,1513,,,,,,,,,,
fema_declarations,fyDeclared,str,34290,0,0.0,18,,,,,,,,,,
fema_declarations,incidentType,str,34290,0,0.0,24,,,,,,,,,,
fema_declarations,declarationTitle,str,34290,0,0.0,1129,,,,,,,,,,
fema_declarations,ihProgramDeclared,str,34290,0,0.0,2,,,,,,,,,,
fema_declarations,iaProgramDeclared,str,34290,0,0.0,1,,,,,,,,,,
fema_declarations,paProgramDeclared,str,34290,0,0.0,2,,,,,,,,,,
fema_declarations,hmProgramDeclared,str,34290,0,0.0,2,,,,,,,,,,
fema_declarations,incidentBeginDate,"datetime64[us, UTC]",34290,0,0.0,1338,,,,,,,,,,
fema_declarations,incidentEndDate,"datetime64[us, UTC]",34290,359,1.046952464275299,1347,,,,,,,,,,
fema_declarations,disasterCloseoutDate,str,34290,16999,49.57421988918052,695,,,,,,,,,,
fema_declarations,tribalRequest,str,34290,0,0.0,2,,,,,,,,,,
fema_declarations,fipsStateCode,str,34290,0,0.0,56,,,,,,,,,,
fema_declarations,fipsCountyCode,str,34290,0,0.0,332,,,,,,,,,,
fema_declarations,placeCode,str,34290,0,0.0,1273,,,,,,,,,,
fema_declarations,designatedArea,str,34290,0,0.0,2906,,,,,,,,,,
fema_declarations,declarationRequestNumber,str,34290,0,0.0,2362,,,,,,,,,,
fema_declarations,declarationRequestDate,str,34290,0,0.0,1562,,,,,,,,,,
fema_declarations,lastIAFilingDate,str,34290,22300,65.03353747448236,298,,,,,,,,,,
fema_declarations,incidentId,str,34290,0,0.0,1789,,,,,,,,,,
fema_declarations,region,str,34290,0,0.0,10,,,,,,,,,,
fema_declarations,designatedIncidentTypes,str,34290,26844,78.28521434820648,85,,,,,,,,,,
fema_declarations,lastRefresh,str,34290,0,0.0,11,,,,,,,,,,
fema_declarations,hash,str,34290,0,0.0,34290,,,,,,,,,,
fema_declarations,id,str,34290,0,0.0,34290,,,,,,,,,,
fema_declarations,county_fips,string,34290,0,0.0,3278,,,,,,,,,,
fema_declarations,year,Int64,34290,0,0.0,18,0.0,0.0,0.0,2009.0,2009.0,2020.0,2026.0,2026.0,-0.42556959860223104,0.0
fema_declarations,county_coded_us,bool[pyarrow],34290,0,0.0,2,,,,,,,,,,
fema_declarations,duration_days,float64,34290,359,1.046952464275299,104,0.0,0.0,0.0,1.0,1.0,15.0,1208.0,1208.0,1.2649641078962532,7859.0
fema_declarations,invalid_duration,bool,34290,0,0.0,1,,,,,,,,,,
irs_county_flows,ref_state,string,922341,0,0.0,51,,,,,,,,,,
irs_county_flows,ref_county,string,922341,0,0.0,325,,,,,,,,,,
irs_county_flows,other_state,string,922341,0,0.0,51,,,,,,,,,,
irs_county_flows,other_county,string,922341,0,0.0,326,,,,,,,,,,
irs_county_flows,other_state_name,str,922341,0,0.0,51,,,,,,,,,,
irs_county_flows,returns,float64,922341,0,0.0,5074,0.0,0.0,0.0,10.0,10.0,32.0,1204.0,29092.0,19.749673953832104,108226.0
irs_county_flows,individuals,float64,922341,0,0.0,7195,0.0,0.0,0.0,10.0,14.0,58.0,2196.0,49355.0,20.453504345132735,107733.0
irs_county_flows,agi_thousands,float64,922341,39,0.004228371068834628,50661,25.0,802.0,0.0,-1283400.0,215.0,1673.0,80835.93999999994,3015639.0,24.136357452052206,106810.0
irs_county_flows,county_fips,string,922341,0,0.0,3071,,,,,,,,,,
irs_county_flows,other_fips,string,922341,0,0.0,3109,,,,,,,,,,
irs_county_flows,returns_suppressed_or_missing,bool,922341,0,0.0,1,,,,,,,,,,
irs_county_flows,individuals_suppressed_or_missing,bool,922341,0,0.0,1,,,,,,,,,,
irs_county_flows,agi_thousands_suppressed_or_missing,bool,922341,0,0.0,2,,,,,,,,,,
irs_county_flows,row_type,str,922341,0,0.0,1,,,,,,,,,,
irs_county_flows,origin_fips,string,922341,0,0.0,3109,,,,,,,,,,
irs_county_flows,destination_fips,string,922341,0,0.0,3071,,,,,,,,,,
irs_county_flows,view,str,922341,0,0.0,1,,,,,,,,,,
irs_county_flows,year,int64,922341,0,0.0,15,0.0,0.0,0.0,2009.0,2009.0,2014.0,2023.0,2023.0,0.27125507998597964,0.0
irs_county_flows,period_start,int64,922341,0,0.0,15,0.0,0.0,0.0,2008.0,2008.0,2013.0,2022.0,2022.0,0.27125507998597964,0.0
irs_county_flows,methodology_series,str,922341,0,0.0,3,,,,,,,,,,
irs_county_totals,ref_state,string,93851,0,0.0,51,,,,,,,,,,
irs_county_totals,ref_county,string,93851,0,0.0,332,,,,,,,,,,
irs_county_totals,other_state,string,93851,0,0.0,1,,,,,,,,,,
irs_county_totals,other_county,string,93851,0,0.0,1,,,,,,,,,,
irs_county_totals,other_state_name,str,93851,0,0.0,51,,,,,,,,,,
irs_county_totals,returns,float64,93851,459,0.4890731052412867,12747,0.0,0.0,0.0,10.0,27.0,608.0,34539.53999999998,188269.0,7.645243843335575,12674.0
irs_county_totals,individuals,float64,93851,459,0.4890731052412867,17174,0.0,0.0,0.0,15.0,52.0,1186.0,60303.699999999895,340909.0,7.551360503366463,12545.0
irs_county_totals,agi_thousands,float64,93851,460,0.4901386239890891,61396,0.0,36.0,0.0,-128086.0,1039.8,25068.0,2532048.100000032,24510353.0,11.162746012419817,13339.0
irs_county_totals,county_fips,string,93851,0,0.0,3158,,,,,,,,,,
irs_county_totals,other_fips,string,93851,0,0.0,1,,,,,,,,,,
irs_county_totals,returns_suppressed_or_missing,bool,93851,0,0.0,2,,,,,,,,,,
irs_county_totals,individuals_suppressed_or_missing,bool,93851,0,0.0,2,,,,,,,,,,
irs_county_totals,agi_thousands_suppressed_or_missing,bool,93851,0,0.0,2,,,,,,,,,,
irs_county_totals,row_type,str,93851,0,0.0,1,,,,,,,,,,
irs_county_totals,origin_fips,string,93851,0,0.0,3159,,,,,,,,,,
irs_county_totals,destination_fips,string,93851,0,0.0,3159,,,,,,,,,,
irs_county_totals,view,str,93851,0,0.0,2,,,,,,,,,,
irs_county_totals,year,int64,93851,0,0.0,15,0.0,0.0,0.0,2009.0,2009.0,2016.0,2023.0,2023.0,0.007050876907290968,0.0
irs_county_totals,period_start,int64,93851,0,0.0,15,0.0,0.0,0.0,2008.0,2008.0,2015.0,2022.0,2022.0,0.007050876907290968,0.0
irs_county_totals,methodology_series,str,93851,0,0.0,3,,,,,,,,,,
irs_duplicate_records,ref_state,string,3994,0,0.0,51,,,,,,,,,,
irs_duplicate_records,ref_county,string,3994,0,0.0,150,,,,,,,,,,
irs_duplicate_records,other_state,string,3994,0,0.0,52,,,,,,,,,,
irs_duplicate_records,other_county,string,3994,0,0.0,150,,,,,,,,,,
irs_duplicate_records,other_state_name,str,3994,0,0.0,52,,,,,,,,,,
irs_duplicate_records,returns,float64,3994,0,0.0,155,0.0,0.0,0.0,18.0,19.0,34.0,440.0,7245.0,23.31264853344869,332.0
irs_duplicate_records,individuals,float64,3994,0,0.0,236,0.0,0.0,0.0,21.0,25.0,61.0,854.0,13321.0,22.52408925039323,406.0
irs_duplicate_records,agi_thousands,float64,3994,0,0.0,892,0.0,4.0,0.0,-302.0,495.86,1945.0,27103.0,342650.0,18.940197427761284,344.0
irs_duplicate_records,county_fips,string,3994,0,0.0,630,,,,,,,,,,
irs_duplicate_records,other_fips,string,3994,0,0.0,631,,,,,,,,,,
irs_duplicate_records,returns_suppressed_or_missing,bool,3994,0,0.0,1,,,,,,,,,,
irs_duplicate_records,individuals_suppressed_or_missing,bool,3994,0,0.0,1,,,,,,,,,,
irs_duplicate_records,agi_thousands_suppressed_or_missing,bool,3994,0,0.0,1,,,,,,,,,,
irs_duplicate_records,row_type,str,3994,0,0.0,2,,,,,,,,,,
irs_duplicate_records,origin_fips,string,3994,0,0.0,446,,,,,,,,,,
irs_duplicate_records,destination_fips,string,3994,0,0.0,402,,,,,,,,,,
irs_duplicate_records,view,str,3994,0,0.0,2,,,,,,,,,,
irs_duplicate_records,year,int64,3994,0,0.0,1,0.0,0.0,0.0,2014.0,2014.0,2014.0,2014.0,2014.0,0.0,0.0
irs_duplicate_records,period_start,int64,3994,0,0.0,1,0.0,0.0,0.0,2013.0,2013.0,2013.0,2013.0,2013.0,0.0,0.0
irs_duplicate_records,methodology_series,str,3994,0,0.0,1,,,,,,,,,,
irs_records,ref_state,string,2957793,0,0.0,51,,,,,,,,,,
irs_records,ref_county,string,2957793,0,0.0,333,,,,,,,,,,
irs_records,other_state,string,2957793,0,0.0,57,,,,,,,,,,
irs_records,other_county,string,2957793,0,0.0,333,,,,,,,,,,
irs_records,other_state_name,str,2957793,0,0.0,54,,,,,,,,,,
irs_records,returns,float64,2957793,190614,6.444467209165753,37420,8.0,0.0,0.0,0.0,10.0,48.0,27864.0,3944880.0,62.51597795807357,430655.0
irs_records,individuals,float64,2957793,190614,6.444467209165753,50967,8.0,0.0,0.0,0.0,15.0,89.0,55546.88000000082,7841705.0,63.60113802895052,432960.0
irs_records,agi_thousands,float64,2957793,190701,6.44740859147344,196429,62.0,2193.0,0.0,-1283400.0,233.0,2547.0,1786534.8699999936,430148598.0,66.68430042271103,429561.0
irs_records,county_fips,string,2957793,0,0.0,3209,,,,,,,,,,
irs_records,other_fips,string,2957793,0,0.0,3174,,,,,,,,,,
irs_records,returns_suppressed_or_missing,bool,2957793,0,0.0,2,,,,,,,,,,
irs_records,individuals_suppressed_or_missing,bool,2957793,0,0.0,2,,,,,,,,,,
irs_records,agi_thousands_suppressed_or_missing,bool,2957793,0,0.0,2,,,,,,,,,,
irs_records,row_type,str,2957793,0,0.0,6,,,,,,,,,,
irs_records,origin_fips,string,2957793,0,0.0,3225,,,,,,,,,,
irs_records,destination_fips,string,2957793,0,0.0,3225,,,,,,,,,,
irs_records,view,str,2957793,0,0.0,2,,,,,,,,,,
irs_records,year,int64,2957793,0,0.0,15,0.0,0.0,0.0,2009.0,2009.0,2015.0,2023.0,2023.0,0.1676163093941387,0.0
irs_records,period_start,int64,2957793,0,0.0,15,0.0,0.0,0.0,2008.0,2008.0,2014.0,2022.0,2022.0,0.1676163093941387,0.0
irs_records,methodology_series,str,2957793,0,0.0,3,,,,,,,,,,
irs_state_totals,ref_state,string,60,0,0.0,2,,,,,,,,,,
irs_state_totals,ref_county,string,60,0,0.0,1,,,,,,,,,,
irs_state_totals,other_state,string,60,0,0.0,1,,,,,,,,,,
irs_state_totals,other_county,string,60,0,0.0,2,,,,,,,,,,
irs_state_totals,other_state_name,str,60,0,0.0,2,,,,,,,,,,
irs_state_totals,returns,float64,60,0,0.0,60,0.0,0.0,0.0,11710.0,12441.6,25481.0,58524.559999999976,62664.0,0.38202316501695593,0.0
irs_state_totals,individuals,float64,60,0,0.0,60,0.0,0.0,0.0,21452.0,23042.64,48669.0,97972.85999999993,109623.0,0.3831736547516338,0.0
irs_state_totals,agi_thousands,float64,60,0,0.0,60,0.0,0.0,0.0,561138.0,589666.86,1774409.0,7291975.2399999965,7859003.0,0.7852758845401855,0.0
irs_state_totals,county_fips,string,60,0,0.0,2,,,,,,,,,,
irs_state_totals,other_fips,string,60,0,0.0,2,,,,,,,,,,
irs_state_totals,returns_suppressed_or_missing,bool,60,0,0.0,1,,,,,,,,,,
irs_state_totals,individuals_suppressed_or_missing,bool,60,0,0.0,1,,,,,,,,,,
irs_state_totals,agi_thousands_suppressed_or_missing,bool,60,0,0.0,1,,,,,,,,,,
irs_state_totals,row_type,str,60,0,0.0,1,,,,,,,,,,
irs_state_totals,origin_fips,string,60,0,0.0,4,,,,,,,,,,
irs_state_totals,destination_fips,string,60,0,0.0,4,,,,,,,,,,
irs_state_totals,view,str,60,0,0.0,2,,,,,,,,,,
irs_state_totals,year,int64,60,0,0.0,15,0.0,0.0,0.0,2009.0,2009.0,2016.0,2023.0,2023.0,0.0,0.0
irs_state_totals,period_start,int64,60,0,0.0,15,0.0,0.0,0.0,2008.0,2008.0,2015.0,2022.0,2022.0,0.0,0.0
irs_state_totals,methodology_series,str,60,0,0.0,3,,,,,,,,,,
prepared_geography_year,county_fips,str,49717,0,0.0,3109,,,,,,,,,,
prepared_geography_year,year,int64,49717,0,0.0,16,0.0,0.0,0.0,2009.0,2009.0,2016.0,2024.0,2024.0,0.0001552936402907493,0.0
prepared_geography_year,period_start,int64,49717,0,0.0,16,0.0,0.0,0.0,2005.0,2005.0,2012.0,2020.0,2020.0,0.0001552936402907493,0.0
prepared_geography_year,period_end,int64,49717,0,0.0,16,0.0,0.0,0.0,2009.0,2009.0,2016.0,2024.0,2024.0,0.0001552936402907493,0.0
prepared_geography_year,in_scope_us,bool,49717,0,0.0,1,,,,,,,,,,
prepared_geography_year,population,float64,49717,0,0.0,38193,0.0,0.0,0.0,33.0,938.1600000000001,25899.0,1272494.759999999,10105722.0,13.488676605539077,6726.0
prepared_geography_year,population_flag,str,49717,0,0.0,1,,,,,,,,,,
prepared_geography_year,population_moe,float64,49717,44914,90.33932055433755,235,2994.0,0.0,0.0,0.0,0.0,0.0,257.97999999999956,1564.0,4.039840369061265,45.0
prepared_geography_year,population_moe_flag,str,49717,0,0.0,2,,,,,,,,,,
prepared_geography_year,median_age,float64,49717,0,0.0,416,0.0,0.0,0.0,21.4,27.8,40.9,54.9,86.2,0.12214722691087804,1587.0
prepared_geography_year,median_age_flag,str,49717,0,0.0,1,,,,,,,,,,
prepared_geography_year,median_age_moe,float64,49717,0,0.0,175,0.0,0.0,0.0,0.1,0.1,0.5,6.9,69.7,10.287313795983332,5033.0
prepared_geography_year,median_age_moe_flag,str,49717,0,0.0,1,,,,,,,,,,
prepared_geography_year,median_household_income,float64,49717,0,0.0,31002,0.0,0.0,0.0,17109.0,26330.96,49056.0,104846.67999999982,181765.0,1.3865341396172792,1643.0
prepared_geography_year,median_household_income_flag,str,49717,0,0.0,3,,,,,,,,,,
prepared_geography_year,median_household_income_moe,float64,49717,8,0.01609107548725788,9351,0.0,0.0,0.0,234.0,614.0,2819.0,13991.039999999935,69746.0,4.506948400456187,2885.0
prepared_geography_year,median_household_income_moe_flag,str,49717,0,0.0,3,,,,,,,,,,
prepared_geography_year,median_home_value,float64,49717,0,0.0,4681,0.0,0.0,0.0,16800.0,51400.0,124400.0,570683.9999999997,1633900.0,3.5007701822532313,3299.0
prepared_geography_year,median_home_value_flag,str,49717,0,0.0,3,,,,,,,,,,
prepared_geography_year,median_home_value_moe,float64,49717,39,0.07844399300038216,17060,2.0,0.0,0.0,0.0,1375.0,6187.0,41046.20999999989,391352.0,8.38328556510224,3467.0
prepared_geography_year,median_home_value_moe_flag,str,49717,0,0.0,3,,,,,,,,,,
prepared_geography_year,median_gross_rent,float64,49717,0,0.0,1719,0.0,0.0,0.0,99.0,400.0,693.0,1683.0,2922.0,1.932109498917593,2583.0
prepared_geography_year,median_gross_rent_flag,str,49717,0,0.0,3,,,,,,,,,,
prepared_geography_year,median_gross_rent_moe,float64,49717,57,0.1146489128467124,505,2.0,0.0,0.0,0.0,7.590000000000032,39.0,269.0,1665.0,5.401370136584185,3606.0
prepared_geography_year,median_gross_rent_moe_flag,str,49717,0,0.0,3,,,,,,,,,,
prepared_geography_year,poverty_universe,float64,49717,0,0.0,37968,0.0,0.0,0.0,33.0,922.6400000000001,24925.0,1256044.9599999879,9955473.0,13.540480397250592,6712.0
prepared_geography_year,poverty_universe_flag,str,49717,0,0.0,2,,,,,,,,,,
prepared_geography_year,poverty_universe_moe,float64,49717,1,0.002011384435907235,2012,0.0,0.0,0.0,1.0,9.0,179.0,1703.699999999997,6389.0,3.630797625443054,4064.0
prepared_geography_year,poverty_universe_moe_flag,str,49717,0,0.0,2,,,,,,,,,,
prepared_geography_year,below_poverty,float64,49717,0,0.0,19305,7.0,0.0,0.0,0.0,98.0,3978.0,182946.15999999965,1805868.0,15.69835022097929,5790.0
prepared_geography_year,below_poverty_flag,str,49717,0,0.0,2,,,,,,,,,,
prepared_geography_year,below_poverty_moe,float64,49717,1,0.002011384435907235,4441,0.0,0.0,0.0,2.0,47.0,620.0,5426.799999999988,17434.0,4.459053995654277,3993.0
prepared_geography_year,below_poverty_moe_flag,str,49717,0,0.0,2,,,,,,,,,,
prepared_geography_year,civilian_labor_force,float64,49717,1,0.002011384435907235,30854,0.0,0.0,0.0,25.0,462.0,11727.0,673320.7499999997,5252747.0,13.395609027346822,6929.0
prepared_geography_year,civilian_labor_force_flag,str,49717,0,0.0,3,,,,,,,,,,
prepared_geography_year,civilian_labor_force_moe,float64,49717,1,0.002011384435907235,9434,0.0,0.0,0.0,11.0,65.0,471.0,3482.8808122415776,11220.0,3.7279055253426345,4124.0
prepared_geography_year,civilian_labor_force_moe_flag,str,49717,0,0.0,3,,,,,,,,,,
prepared_geography_year,unemployed,float64,49717,1,0.002011384435907235,10080,205.0,0.0,0.0,0.0,6.0,780.0,49174.89999999992,580531.0,16.464297115259075,6479.0
prepared_geography_year,unemployed_flag,str,49717,0,0.0,3,,,,,,,,,,
prepared_geography_year,unemployed_moe,float64,49717,1,0.002011384435907235,8196,0.0,0.0,0.0,1.0,10.0,225.0,1843.8499999999985,6351.0,3.9277986299587875,3142.0
prepared_geography_year,unemployed_moe_flag,str,49717,0,0.0,3,,,,,,,,,,
prepared_geography_year,housing_units,float64,49717,0,0.0,30859,0.0,0.0,0.0,33.0,598.1600000000001,12383.0,547531.8399999938,3650466.0,11.737243954180018,6315.0
prepared_geography_year,housing_units_flag,str,49717,0,0.0,1,,,,,,,,,,
prepared_geography_year,housing_units_moe,float64,49717,0,0.0,1077,0.0,0.0,0.0,8.0,17.0,83.0,759.8399999999965,3312.0,4.013991032539589,3989.0
prepared_geography_year,housing_units_moe_flag,str,49717,0,0.0,1,,,,,,,,,,
prepared_geography_year,vacant_units,float64,49717,0,0.0,12801,0.0,0.0,0.0,6.0,143.0,1931.0,58824.27999999994,245069.0,8.800562910939508,5268.0
prepared_geography_year,vacant_units_flag,str,49717,0,0.0,1,,,,,,,,,,
prepared_geography_year,vacant_units_moe,float64,49717,0,0.0,2154,0.0,0.0,0.0,5.0,36.0,268.0,1948.5199999999895,5796.0,4.3298729921482835,3706.0
prepared_geography_year,vacant_units_moe_flag,str,49717,0,0.0,1,,,,,,,,,,
prepared_geography_year,occupied_units,float64,49717,0,0.0,28901,0.0,0.0,0.0,17.0,397.0,9964.0,496771.5199999998,3416449.0,12.127523027722342,6601.0
prepared_geography_year,occupied_units_flag,str,49717,0,0.0,1,,,,,,,,,,
prepared_geography_year,occupied_units_moe,float64,49717,0,0.0,2249,0.0,0.0,0.0,7.0,47.0,289.0,2031.0,6253.0,4.137436105862776,3734.0
prepared_geography_year,occupied_units_moe_flag,str,49717,0,0.0,1,,,,,,,,,,
prepared_geography_year,owner_occupied_units,float64,49717,0,0.0,25542,11.0,0.0,0.0,0.0,287.0,7268.0,291593.9599999989,1567983.0,9.693958336239675,6468.0
prepared_geography_year,owner_occupied_units_flag,str,49717,0,0.0,1,,,,,,,,,,
prepared_geography_year,owner_occupied_units_moe,float64,49717,0,0.0,2708,0.0,0.0,0.0,2.0,44.0,313.0,2649.8399999999965,10546.0,5.2516694423504156,4276.0
prepared_geography_year,owner_occupied_units_moe_flag,str,49717,0,0.0,1,,,,,,,,,,
prepared_geography_year,population_25_plus,float64,49717,0,0.0,34762,0.0,0.0,0.0,31.0,697.1600000000001,17803.0,883539.9199999998,6922061.0,13.467590513922898,6609.0
prepared_geography_year,population_25_plus_flag,str,49717,0,0.0,2,,,,,,,,,,
prepared_geography_year,population_25_plus_moe,float64,49717,488,0.9815556047227306,518,38.0,0.0,0.0,0.0,15.0,101.0,324.0,1924.0,3.071042855287655,1260.0
prepared_geography_year,population_25_plus_moe_flag,str,49717,0,0.0,3,,,,,,,,,,
prepared_geography_year,bachelors,float64,49717,0,0.0,16698,9.0,0.0,0.0,0.0,99.0,2028.0,202159.07999999908,1590181.0,12.572103993356029,7492.0
prepared_geography_year,bachelors_flag,str,49717,0,0.0,2,,,,,,,,,,
prepared_geography_year,bachelors_moe,float64,49717,0,0.0,10469,0.0,0.0,0.0,3.0,34.00940363709645,277.0,3165.1999999999825,11376.0,4.075970399723213,5019.0
prepared_geography_year,bachelors_moe_flag,str,49717,0,0.0,2,,,,,,,,,,
prepared_geography_year,masters,float64,49717,0,0.0,11791,23.0,0.0,0.0,0.0,21.0,789.0,93689.6799999999,608104.0,10.494238736098108,7344.0
prepared_geography_year,masters_flag,str,49717,0,0.0,2,,,,,,,,,,
prepared_geography_year,masters_moe,float64,49717,0,0.0,8949,0.0,0.0,0.0,2.0,14.59295630362862,174.0919297382851,2281.8399999999965,7225.0,4.274637109844128,5127.0
prepared_geography_year,masters_moe_flag,str,49717,0,0.0,2,,,,,,,,,,
prepared_geography_year,professional_degree,float64,49717,0,0.0,6375,930.0,0.0,0.0,0.0,0.0,158.0,25216.239999999874,185424.0,12.39827661486253,7293.0
prepared_geography_year,professional_degree_flag,str,49717,0,0.0,2,,,,,,,,,,
prepared_geography_year,professional_degree_moe,float64,49717,0,0.0,6415,0.0,0.0,0.0,1.0,5.0,80.0,1184.0,3811.0,4.654665108857681,5189.0
prepared_geography_year,professional_degree_moe_flag,str,49717,0,0.0,2,,,,,,,,,,
prepared_geography_year,doctorate,float64,49717,0,0.0,5522,2259.0,0.0,0.0,0.0,0.0,97.0,14783.719999999972,107457.0,11.009093328268998,7433.0
prepared_geography_year,doctorate_flag,str,49717,0,0.0,2,,,,,,,,,,
prepared_geography_year,doctorate_moe,float64,49717,0,0.0,5614,0.0,0.0,0.0,1.0,4.0,68.0,946.0,2891.0,4.290804547991995,4876.0
prepared_geography_year,doctorate_moe_flag,str,49717,0,0.0,2,,,,,,,,,,
prepared_geography_year,civilian_labor_force_reconstructed,bool,49717,0,0.0,2,,,,,,,,,,
prepared_geography_year,unemployed_reconstructed,bool,49717,0,0.0,2,,,,,,,,,,
prepared_geography_year,population_25_plus_reconstructed,bool,49717,0,0.0,2,,,,,,,,,,
prepared_geography_year,bachelors_reconstructed,bool,49717,0,0.0,2,,,,,,,,,,
prepared_geography_year,masters_reconstructed,bool,49717,0,0.0,2,,,,,,,,,,
prepared_geography_year,professional_degree_reconstructed,bool,49717,0,0.0,2,,,,,,,,,,
prepared_geography_year,doctorate_reconstructed,bool,49717,0,0.0,2,,,,,,,,,,
prepared_geography_year,poverty_pct,float64,49717,0,0.0,49499,7.0,0.0,0.0,0.0,4.807885913318791,14.679598492228198,35.50934980237607,59.02470600927824,1.0332017669547195,1199.0
prepared_geography_year,unemployment_pct,float64,49717,1,0.002011384435907235,48620,205.0,0.0,0.0,0.0,0.702428930725043,6.049860208734515,17.163704165556382,36.107986501687286,1.1761819557239035,1205.0
prepared_geography_year,vacancy_pct,float64,49717,0,0.0,49353,0.0,0.0,0.0,1.6839677047289503,4.264574782059917,15.172499072585632,54.47659406371165,88.25910931174089,1.6739320310314216,2263.0
prepared_geography_year,homeownership_pct,float64,49717,0,0.0,48972,11.0,0.0,0.0,0.0,45.90683981417384,73.5779332189521,86.84135632571288,97.38527214514407,-1.3497838274069098,1534.0
prepared_geography_year,bachelors_plus_pct,float64,49717,0,0.0,49385,7.0,0.0,0.0,0.0,8.088814255749158,18.924620288768047,53.5305227201218,80.53254437869822,1.4592500559946722,2270.0
prepared_geography_year,inflow_individuals,float64,49717,3580,7.2007562805479015,11818,0.0,0.0,0.0,16.0,53.0,1209.0,60392.439999999944,229710.0,6.58388650375812,6176.0
prepared_geography_year,inflow_returns,float64,49717,3580,7.2007562805479015,8893,0.0,0.0,0.0,10.0,27.0,612.0,34832.119999999995,141960.0,6.857796030860219,6276.0
prepared_geography_year,outflow_individuals,float64,49717,3490,7.019731681316251,11534,0.0,0.0,0.0,15.0,53.0,1177.0,63520.43999999999,340909.0,8.136249628754017,6243.0
prepared_geography_year,outflow_returns,float64,49717,3490,7.019731681316251,8733,0.0,0.0,0.0,10.0,28.0,613.0,35665.05999999976,188269.0,8.169553209212328,6287.0
prepared_geography_year,net_individuals,float64,49717,3663,7.367701188728201,5951,162.0,21681.0,0.0,-145441.0,-6184.969999999998,9.0,5727.940000000002,121194.0,-12.821302642963275,9106.0
prepared_geography_year,inflow_individuals_per_1000,float64,49717,3580,7.2007562805479015,45734,0.0,0.0,0.0,7.001400280056012,19.06389160063984,45.12207685175647,111.08958299504252,867.2708962739174,6.209703024468785,1684.0
prepared_geography_year,outflow_individuals_per_1000,float64,49717,3490,7.019731681316251,45786,0.0,0.0,0.0,9.047044632086852,21.766590868977453,44.49374624723949,103.8339073896879,2951.9462624870825,55.2291424769017,1874.0
prepared_geography_year,net_individuals_per_1000,float64,49717,3663,7.367701188728201,45486,162.0,21681.0,0.0,-2923.355149844988,-23.889157176236974,0.484525472806953,34.62824775517379,677.9196117733939,-97.55263518677503,2818.0
prepared_geography_year,declarations,float64,49717,0,0.0,9,32322.0,0.0,0.0,0.0,0.0,0.0,3.0,8.0,2.2204687824622873,841.0
prepared_geography_year,incident_types,float64,49717,32322,65.01196773739365,4,0.0,0.0,0.0,1.0,1.0,1.0,3.0,4.0,2.4582402413137636,2789.0
prepared_geography_year,precipitation_inches,float64,49717,27,0.054307379769495345,9889,0.0,0.0,0.0,1.25,7.858899999999999,40.94,78.28999999999999,132.48,0.15123586378900458,219.0
prepared_geography_year,temperature_f,float64,49717,27,0.054307379769495345,5887,0.0,0.0,0.0,24.308333333333334,38.25,55.425000000000004,73.82591666666667,78.56666666666666,0.02944720230834806,13.0
prepared_geography_year,tmax_f,float64,49717,27,0.054307379769495345,5783,0.0,0.0,0.0,31.841666666666665,49.14166666666667,66.53333333333333,84.46666666666667,89.95,-0.006539702756933309,16.0
prepared_geography_year,tmin_f,float64,49717,27,0.054307379769495345,6032,0.0,0.0,0.0,16.766666666666666,26.925,44.37916666666666,63.875,70.95833333333333,0.05193836295965426,28.0
prepared_geography_year,precipitation_inches_months,float64,49717,27,0.054307379769495345,1,0.0,0.0,0.0,12.0,12.0,12.0,12.0,12.0,0.0,0.0
prepared_geography_year,temperature_f_months,float64,49717,27,0.054307379769495345,1,0.0,0.0,0.0,12.0,12.0,12.0,12.0,12.0,0.0,0.0
prepared_geography_year,tmax_f_months,float64,49717,27,0.054307379769495345,1,0.0,0.0,0.0,12.0,12.0,12.0,12.0,12.0,0.0,0.0
prepared_geography_year,tmin_f_months,float64,49717,27,0.054307379769495345,1,0.0,0.0,0.0,12.0,12.0,12.0,12.0,12.0,0.0,0.0
prepared_geography_year,geography_level,str,49717,0,0.0,2,,,,,,,,,,
prepared_geography_year,geography_caution,bool,49717,0,0.0,1,,,,,,,,,,
prepared_geography_year,irs_methodology_series,str,49717,0,0.0,3,,,,,,,,,,
prepared_geography_year,identifier_repaired,bool,49717,0,0.0,1,,,,,,,,,,
prepared_geography_year,median_age_imputed,bool,49717,0,0.0,1,,,,,,,,,,
prepared_geography_year,median_household_income_imputed,bool,49717,0,0.0,2,,,,,,,,,,
prepared_geography_year,median_home_value_imputed,bool,49717,0,0.0,2,,,,,,,,,,
prepared_geography_year,median_gross_rent_imputed,bool,49717,0,0.0,2,,,,,,,,,,
prepared_geography_year,poverty_universe_imputed,bool,49717,0,0.0,2,,,,,,,,,,
prepared_geography_year,below_poverty_imputed,bool,49717,0,0.0,2,,,,,,,,,,
prepared_geography_year,housing_units_imputed,bool,49717,0,0.0,1,,,,,,,,,,
prepared_geography_year,vacant_units_imputed,bool,49717,0,0.0,1,,,,,,,,,,
prepared_geography_year,occupied_units_imputed,bool,49717,0,0.0,1,,,,,,,,,,
prepared_geography_year,owner_occupied_units_imputed,bool,49717,0,0.0,1,,,,,,,,,,
prepared_geography_year,civilian_labor_force_imputed,bool,49717,0,0.0,1,,,,,,,,,,
prepared_geography_year,unemployed_imputed,bool,49717,0,0.0,1,,,,,,,,,,
prepared_geography_year,population_25_plus_imputed,bool,49717,0,0.0,1,,,,,,,,,,
prepared_geography_year,bachelors_imputed,bool,49717,0,0.0,1,,,,,,,,,,
prepared_geography_year,masters_imputed,bool,49717,0,0.0,1,,,,,,,,,,
prepared_geography_year,professional_degree_imputed,bool,49717,0,0.0,1,,,,,,,,,,
prepared_geography_year,doctorate_imputed,bool,49717,0,0.0,1,,,,,,,,,,
prepared_geography_year,socioeconomic_imputed,bool,49717,0,0.0,2,,,,,,,,,,
prepared_geography_year,data_split,str,49717,0,0.0,3,,,,,,,,,,
state_features,county_fips,string,32,0,0.0,2,,,,,,,,,,
state_features,year,int64,32,0,0.0,16,0.0,0.0,0.0,2009.0,2009.0,2016.5,2024.0,2024.0,0.0,0.0
state_features,period_start,int64,32,0,0.0,16,0.0,0.0,0.0,2005.0,2005.0,2012.5,2020.0,2020.0,0.0,0.0
state_features,period_end,int64,32,0,0.0,16,0.0,0.0,0.0,2009.0,2009.0,2016.5,2024.0,2024.0,0.0,0.0
state_features,in_scope_us,bool,32,0,0.0,1,,,,,,,,,,
state_features,population,float64,32,0,0.0,32,0.0,0.0,0.0,683142.0,685636.57,2116526.0,3620418.79,3624508.0,0.0004120954486218486,0.0
state_features,population_flag,str,32,0,0.0,1,,,,,,,,,,
state_features,population_moe,float64,32,30,93.75,1,2.0,0.0,0.0,0.0,0.0,0.0,0.0,0.0,,0.0
state_features,population_moe_flag,str,32,0,0.0,2,,,,,,,,,,
state_features,median_age,float64,32,0,0.0,25,0.0,0.0,0.0,32.7,32.917,37.4,41.169000000000004,41.2,-0.04573627383303268,0.0
state_features,median_age_flag,str,32,0,0.0,1,,,,,,,,,,
state_features,median_age_moe,float64,32,0,0.0,2,0.0,0.0,0.0,0.1,0.1,0.1,0.2,0.2,0.8493848041109198,0.0
state_features,median_age_moe_flag,str,32,0,0.0,1,,,,,,,,,,
state_features,median_household_income,float64,32,0,0.0,32,0.0,0.0,0.0,64635.0,65219.66,74112.5,95154.49,95781.0,0.9074224078347796,1.0
state_features,median_household_income_flag,str,32,0,0.0,1,,,,,,,,,,
state_features,median_household_income_moe,float64,32,0,0.0,30,0.0,0.0,0.0,381.0,383.48,731.0,1329.9800000000002,1374.0,0.6676137345537507,1.0
state_features,median_household_income_moe_flag,str,32,0,0.0,1,,,,,,,,,,
state_features,median_home_value,float64,32,0,0.0,32,0.0,0.0,0.0,221300.0,223718.0,274950.0,362560.0,366900.0,0.7359139173302242,2.0
state_features,median_home_value_flag,str,32,0,0.0,1,,,,,,,,,,
state_features,median_home_value_moe,float64,32,0,0.0,32,0.0,0.0,0.0,868.0,876.99,1623.0,3713.3,3735.0,1.1724685161189274,2.0
state_features,median_home_value_moe_flag,str,32,0,0.0,1,,,,,,,,,,
state_features,median_gross_rent,float64,32,0,0.0,32,0.0,0.0,0.0,949.0,951.79,1151.0,1470.3300000000002,1488.0,0.48596125447988964,0.0
state_features,median_gross_rent_flag,str,32,0,0.0,1,,,,,,,,,,
state_features,median_gross_rent_moe,float64,32,0,0.0,14,0.0,0.0,0.0,5.0,5.0,9.5,22.380000000000003,23.0,0.8210153862492549,0.0
state_features,median_gross_rent_moe_flag,str,32,0,0.0,1,,,,,,,,,,
state_features,poverty_universe,float64,32,0,0.0,32,0.0,0.0,0.0,666059.0,668769.02,2051619.0,3523977.13,3530170.0,0.0006477747232321537,0.0
state_features,poverty_universe_flag,str,32,0,0.0,1,,,,,,,,,,
state_features,poverty_universe_moe,float64,32,0,0.0,32,0.0,0.0,0.0,373.0,387.88,624.5,1021.9,1025.0,0.37118983996678834,0.0
state_features,poverty_universe_moe_flag,str,32,0,0.0,1,,,,,,,,,,
state_features,below_poverty,float64,32,0,0.0,32,0.0,0.0,0.0,64038.0,64102.17,186736.5,365851.59,366351.0,0.024001172262947183,0.0
state_features,below_poverty_flag,str,32,0,0.0,1,,,,,,,,,,
state_features,below_poverty_moe,float64,32,0,0.0,32,0.0,0.0,0.0,2204.0,2227.87,4659.0,8371.0,8433.0,0.18671275914752106,0.0
state_features,below_poverty_moe_flag,str,32,0,0.0,1,,,,,,,,,,
state_features,civilian_labor_force,float64,32,0,0.0,32,0.0,0.0,0.0,358292.0,358479.24,1128954.5,1957697.89,1959490.0,0.0008316827984449127,0.0
state_features,civilian_labor_force_flag,str,32,0,0.0,2,,,,,,,,,,
state_features,civilian_labor_force_moe,float64,32,0,0.0,32,0.0,0.0,0.0,1831.0,1853.63,3577.0,6457.25,6496.0,0.20170760832829637,0.0
state_features,civilian_labor_force_moe_flag,str,32,0,0.0,2,,,,,,,,,,
state_features,unemployed,float64,32,0,0.0,32,0.0,0.0,0.0,20644.0,20765.83,71282.5,189431.18,190709.0,0.3330735946597617,0.0
state_features,unemployed_flag,str,32,0,0.0,2,,,,,,,,,,
state_features,unemployed_moe,float64,32,0,0.0,32,0.0,0.0,0.0,992.0,1023.93,1726.5,3814.85,3835.0,0.354133805428959,0.0
state_features,unemployed_moe_flag,str,32,0,0.0,2,,,,,,,,,,
state_features,housing_units,float64,32,0,0.0,32,0.0,0.0,0.0,280186.0,285932.47,882812.0,1540032.37,1541822.0,0.0023888316344773193,0.0
state_features,housing_units_flag,str,32,0,0.0,1,,,,,,,,,,
state_features,housing_units_moe,float64,32,0,0.0,32,0.0,0.0,0.0,160.0,165.27,308.0,835.63,844.0,1.4137272729183914,2.0
state_features,housing_units_moe_flag,str,32,0,0.0,1,,,,,,,,,,
state_features,vacant_units,float64,32,0,0.0,32,0.0,0.0,0.0,45407.0,46978.08,85844.0,145933.37,145956.0,0.12984217279511423,0.0
state_features,vacant_units_flag,str,32,0,0.0,1,,,,,,,,,,
state_features,vacant_units_moe,float64,32,0,0.0,31,0.0,0.0,0.0,1022.0,1045.87,2248.5,3684.21,3687.0,0.028470730128478762,0.0
state_features,vacant_units_moe_flag,str,32,0,0.0,1,,,,,,,,,,
state_features,occupied_units,float64,32,0,0.0,32,0.0,0.0,0.0,234779.0,238954.39,799007.5,1429717.53,1434007.0,0.0035246154273406442,0.0
state_features,occupied_units_flag,str,32,0,0.0,1,,,,,,,,,,
state_features,occupied_units_moe,float64,32,0,0.0,32,0.0,0.0,0.0,1108.0,1158.53,2266.5,3739.31,3770.0,0.060803027737747685,0.0
state_features,occupied_units_moe_flag,str,32,0,0.0,1,,,,,,,,,,
state_features,owner_occupied_units,float64,32,0,0.0,32,0.0,0.0,0.0,149672.0,152581.04,540528.0,948957.4500000001,952989.0,0.0018051715230427558,0.0
state_features,owner_occupied_units_flag,str,32,0,0.0,1,,,,,,,,,,
state_features,owner_occupied_units_moe,float64,32,0,0.0,32,0.0,0.0,0.0,1295.0,1353.59,3026.0,6194.06,6341.0,0.19053413858088245,0.0
state_features,owner_occupied_units_moe_flag,str,32,0,0.0,1,,,,,,,,,,
state_features,population_25_plus,float64,32,0,0.0,32,0.0,0.0,0.0,419058.0,422443.51,1417372.0,2547847.39,2554584.0,0.0034439190037754168,0.0
state_features,population_25_plus_flag,str,32,0,0.0,2,,,,,,,,,,
state_features,population_25_plus_moe,float64,32,0,0.0,31,0.0,0.0,0.0,321.0,322.86,416.5,795.2,820.0,2.069461057759406,3.0
state_features,population_25_plus_moe_flag,str,32,0,0.0,2,,,,,,,,,,
state_features,bachelors,float64,32,0,0.0,32,0.0,0.0,0.0,71482.0,72541.89,281515.0,591385.24,595631.0,0.043002809209134824,0.0
state_features,bachelors_flag,str,32,0,0.0,2,,,,,,,,,,
state_features,bachelors_moe,float64,32,0,0.0,32,0.0,0.0,0.0,1529.0,1546.2332454800974,2934.2397910600603,6081.6,6125.0,0.2988613671770936,0.0
state_features,bachelors_moe_flag,str,32,0,0.0,2,,,,,,,,,,
state_features,masters,float64,32,0,0.0,32,0.0,0.0,0.0,27964.0,28247.34,149006.0,353588.33,355683.0,0.07214490759240884,0.0
state_features,masters_flag,str,32,0,0.0,2,,,,,,,,,,
state_features,masters_moe,float64,32,0,0.0,31,0.0,0.0,0.0,911.8815712580225,925.5686605554201,2285.1844083635433,5264.67,5309.0,0.3734200736830723,0.0
state_features,masters_moe_flag,str,32,0,0.0,2,,,,,,,,,,
state_features,professional_degree,float64,32,0,0.0,32,0.0,0.0,0.0,6927.0,7049.76,38192.0,82830.08,82933.0,0.03637745448779904,0.0
state_features,professional_degree_flag,str,32,0,0.0,2,,,,,,,,,,
state_features,professional_degree_moe,float64,32,0,0.0,32,0.0,0.0,0.0,492.0,500.99,1161.437749077062,2374.85,2395.0,0.22095653269572696,0.0
state_features,professional_degree_moe_flag,str,32,0,0.0,2,,,,,,,,,,
state_features,doctorate,float64,32,0,0.0,32,0.0,0.0,0.0,4755.0,4789.1,20155.5,50360.91,51148.0,0.09649303670413513,0.0
state_features,doctorate_flag,str,32,0,0.0,2,,,,,,,,,,
state_features,doctorate_moe,float64,32,0,0.0,32,0.0,0.0,0.0,444.3703410444941,454.17553532070093,883.2018225745567,1823.28,1827.0,0.37104355823576685,0.0
state_features,doctorate_moe_flag,str,32,0,0.0,2,,,,,,,,,,
state_features,civilian_labor_force_reconstructed,bool,32,0,0.0,2,,,,,,,,,,
state_features,unemployed_reconstructed,bool,32,0,0.0,2,,,,,,,,,,
state_features,population_25_plus_reconstructed,bool,32,0,0.0,2,,,,,,,,,,
state_features,bachelors_reconstructed,bool,32,0,0.0,2,,,,,,,,,,
state_features,masters_reconstructed,bool,32,0,0.0,2,,,,,,,,,,
state_features,professional_degree_reconstructed,bool,32,0,0.0,2,,,,,,,,,,
state_features,doctorate_reconstructed,bool,32,0,0.0,2,,,,,,,,,,
state_features,poverty_pct,float64,32,0,0.0,32,0.0,0.0,0.0,8.739169458434489,8.866640266849846,10.083461267370547,10.770349999638762,10.80446914971263,-0.8543941970517894,2.0
state_features,unemployment_pct,float64,32,0,0.0,32,0.0,0.0,0.0,5.594619008007186,5.610654797925501,7.503960877820667,9.70865444297294,9.779341897246375,0.029803502838833033,0.0
state_features,vacancy_pct,float64,32,0,0.0,32,0.0,0.0,0.0,6.992700843547439,7.163592753382762,12.943327684223075,19.991613876617382,20.05515918220517,0.042218637627950716,0.0
state_features,homeownership_pct,float64,32,0,0.0,32,0.0,0.0,0.0,63.34085617336438,63.35198378983631,66.166555039934,69.37196654335419,69.46888922034347,0.3012563971130872,0.0
state_features,bachelors_plus_pct,float64,32,0,0.0,32,0.0,0.0,0.0,26.51852488199724,26.66905611451499,33.36219722711914,42.31076626321596,42.47513489476173,0.1758250702199191,0.0
